customer_city,total_sales
arapiraca,8728.71
igrejinha,1173.0300000000002
redencao da serra,89.9
camacari,7240.240000000001
iepe,289.58
itaberaba,989.26
brusque,8421.550000000001
ijui,5584.450000000001
itaperucu,635.84
itanhaem,9727.09
boa vista,6967.57
cachoeira paulista,3292.0000000000005
carapicuiba,31769.85
sao joao de meriti,17777.56
iracemapolis,1251.88
garca,2918.41
cocalinho,418.87
caico,2723.2000000000003
araras,13187.38
nova friburgo,27345.100000000002
jacutinga,2720.2100000000005
sao pedro da aldeia,4672.429999999999
sao francisco de paula,599.68
itatim,312.69
piumhii,3707.3100000000004
santa maria da vitoria,1710.55
orizona,546.81
iguape,1359.5700000000004
taquara,4427.54
esperanca,1720.38
nova canaa paulista,109.89000000000001
santos,98309.40999999996
itapecerica da serra,8399.01
itabela,423.89
primavera,996.78
itabuna,7874.549999999999
duartina,1252.67
salinas,4986.7699999999995
soledade de minas,309.94000000000005
ceu azul,382.56
maracaju,2791.96
euclides da cunha,524.18
matinhos,2862.15
mondai,409.0
ibitinga,2911.26
palestina,499.54999999999995
brumadinho,2258.2300000000005
cuiaba,38178.84
alagoinhas,6249.229999999999
franco da rocha,10073.2
ibiruba,3155.8
sertaozinho,6724.23
pacaja,2651.0599999999995
macaparana,144.88
astorga,411.77
cotia,29403.840000000004
marilia,33664.130000000005
rio grande,16189.979999999998
araruama,16889.309999999998
votorantim,10757.469999999998
sao luiz gonzaga,3298.01
itabira,10069.51
conselheiro lafaiete,9015.56
piracaia,2466.9300000000003
floreal,192.89000000000001
suzano,24549.899999999998
varzea da palma,2171.7700000000004
guaranesia,805.5799999999999
jacinto machado,260.49
benedito novo,945.74
venancio aires,2764.6200000000003
nantes,79.0
macau,998.88
redencao,2527.93
sao luis,50141.82000000001
dobrada,437.5
sapopema,154.98000000000002
vertentes,23.99
ipiau,697.27
ourinhos,12543.029999999999
chale,116.4
pomerode,1579.3600000000001
sao joao evangelista,1062.76
teresopolis,17115.29
santa barbara d'oeste,13072.080000000002
portao,772.15
novo hamburgo,17168.13
uruara,962.4000000000001
toledo,10053.64
atibaia,20343.73
rio negro,2105.8700000000003
araucaria,5086.099999999999
ananindeua,17709.44
tres marias,840.4399999999999
barra do tarrachil,272.9
aracoiaba da serra,1511.5700000000002
ilheus,8546.76
barra velha,1684.0100000000002
paraguacu paulista,2766.8
ibirapua,122.99
jaguaribe,663.98
goiana,695.63
loanda,1704.36
mogi das cruzes,50295.68
divinopolis,34932.97
americo brasiliense,2360.1000000000004
pelotas,22257.230000000003
lunardelli,214.89
ipojuca,1530.3000000000002
azurita,169.70000000000002
guaraniacu,385.97
rio novo,536.79
laguna,2202.73
mogi mirim,8833.970000000001
sao gotardo,2479.38
papanduva,669.41
caravelas,356.4
sao francisco de itabapoana,1497.7600000000002
tibagi,293.77
trindade,7510.37
contagem,48591.03
campo alegre,1098.0
promissao,4189.85
itupeva,5101.709999999998
santa rosa,2922.1400000000003
apiuna,1320.6
campos dos goytacazes,32413.58
guariba,1608.43
padre gonzales,50.0
urucui,638.97
bocaiuva do sul,49.89
barcarena,1084.17
salesopolis,1146.52
sapucaia do sul,5397.839999999999
quedas do iguacu,842.25
brumado,2628.85
sao bernardo do campo,102514.22999999995
riqueza,248.9
itapipoca,1121.0800000000002
varzea grande,6642.85
julio de castilhos,787.54
bom jesus do galho,4795.289999999999
campo mourao,7259.519999999999
patrocinio do muriae,94.8
acopiara,647.67
quissama,1513.9700000000003
alto paraiso de goias,1367.3400000000001
fazenda nova,319.79
cariacica,16386.68
rondonopolis,10644.039999999997
alexania,466.66999999999996
juti,631.79
itajai,18698.570000000003
arapora,1144.38
cocal,896.77
areia branca,183.6
serra negra,3202.53
cameta,392.8
lambari,1506.4700000000003
pirajui,1583.5200000000002
pindamonhangaba,12341.279999999999
sobral,10648.849999999999
santaluz,274.89
ceilandia,49.9
fortaleza,93269.66999999998
cariri do tocantins,270.89
francisco morato,8344.17
pejucara,699.65
carai,481.87
anastacio,116.9
simonesia,1295.88
monte mor,4517.2
ipigua,247.24
tres cachoeiras,646.27
santarem,5287.67
boa esperanca,4166.389999999999
sao jose de ribamar,1364.83
amapa do maranhao,15.9
santiago,2304.7000000000003
ituiutaba,5431.169999999999
ivaipora,516.75
praia grande,38815.810000000005
mage,14316.759999999998
barueri,49995.71
sao joao do paraiso,596.5299999999999
extrema,5282.929999999999
sao bento do sapucai,630.5400000000001
salto grande,640.0
nova mutum,571.38
colatina,6866.519999999999
manaus,20451.56
santo antonio de padua,5090.91
uberlandia,47560.57000000001
gramado,3123.3400000000006
ampere,1595.2700000000002
timbo,3957.67
pesqueira,667.79
deputado irapuan pinheiro,169.98000000000002
olimpia,5643.54
caratinga,9690.259999999998
guabiruba,688.78
caconde,1628.19
guadalupe,1313.6999999999998
encantado,2807.17
vila dos cabanos,451.23
porciuncula,936.88
carmo do paranaiba,4008.64
aroeiras,149.99
jaragua,610.67
sabinopolis,317.08
viradouro,2081.5400000000004
silvania,1208.79
candeias,1879.5699999999997
concordia,5503.59
camboriu,3058.1899999999996
cruzalia,292.4
pirapora do bom jesus,2744.66
parnamirim,9189.539999999999
teixeira de freitas,3386.1800000000003
ipaba,1403.5
paulo frontin,560.9
fronteira,949.6600000000001
sapezal,964.8199999999999
muniz freire,238.9
santa cruz das palmeiras,580.59
machado,2761.92
ponta pora,4038.51
granja,460.68000000000006
mirinzal,154.87
curral de cima,199.0
otacilio costa,913.29
fatima do sul,1436.29
novo gama,1777.0500000000002
faxinal,848.05
sao joao do manteninha,474.89
luis antonio,980.0799999999999
batatais,5559.929999999999
assai,861.5699999999999
janauba,2952.26
ribeirao claro,492.69
candido mota,1573.29
pacoti,149.8
maringa,37299.200000000004
juiz de fora,64456.78
pinhais,8682.82
lages,11340.11
kalore,429.99
ubatuba,8195.93
castelo,1600.8000000000002
nova prata,1230.94
ji-parana,3412.0400000000004
ubaitaba,517.23
penaforte,479.89
agua doce do norte,365.48
pinhao,1340.2800000000002
sao jose do cedro,486.59000000000003
alcinopolis,711.1600000000001
mambore,780.24
pirapetinga,486.39
santa monica,332.88
currais novos,1448.19
guararapes,1220.8400000000001
itaguai,6122.539999999999
arceburgo,924.14
campinas,184657.86999999982
valparaiso,506.92
costa rica,1043.66
imbituba,2968.47
cacapava,9928.07
piripiri,537.28
espera feliz,3315.75
maceio,43592.59
tremembe,4876.030000000001
guanambi,4189.81
nazare paulista,815.64
paracatu,8376.419999999998
almenara,2872.15
uruana,1142.29
general carneiro,401.48
sao sebastiao,9833.44
petrolandia,2110.34
curitibanos,2878.94
santa cruz,786.6399999999999
jaguariuna,8312.47
cosmopolis,6668.9
neropolis,1297.2199999999998
mauriti,14.9
mossoro,4635.469999999999
avare,8382.97
jaragua do sul,12924.66
luziania,4761.46
jacaraci,911.79
mozarlandia,806.4
sao fidelis,2029.2500000000002
figueira,928.78
salto da divisa,116.98
paulista,6212.369999999999
poa,9343.45
embu das artes,19998.78
coroata,873.4799999999999
presidente kubitschek,115.42999999999999
paulo afonso,6492.589999999999
jundiai,80398.04
itatiba,12049.310000000001
sao jose dos pinhais,14899.05
claudio,2867.0699999999997
garibaldi,1014.8
natividade,2995.27
cascavel,24311.48
vargem grande paulista,4634.55
parauapebas,4092.060000000001
capitolio,386.89
jari,354.8
alto jequitiba,211.89
congonhas,2938.6100000000006
pocos de caldas,15620.680000000004
sabara,4481.780000000001
itaocara,1720.65
cambuci,2042.7900000000002
pains,298.33
campo magro,39.8
atilio vivacqua,89.9
duque de caxias,32769.229999999996
uruguaiana,4414.06
carandai,1143.4999999999998
ubirata,582.1800000000001
santo antonio das missoes,393.89
paraiba do sul,2949.57
pombal,1577.5000000000002
bertioga,9385.65
santa maria,31689.550000000003
taruma,997.72
sao miguel do iguacu,1079.3
campina grande,17410.539999999997
heliopolis,149.0
mariluz,308.99
saude,119.4
nova prata do iguacu,1049.78
capao da canoa,4692.089999999999
monte formoso,72.99
vitoria da conquista,16234.2
aracruz,4064.0700000000006
eneas marques,151.68
itapetinga,2727.12
castro,2847.19
tres coroas,774.37
nova xavantina,3274.69
queluz,213.74
colombo,7386.900000000001
ortigueira,993.29
lagoa formosa,647.57
crucilandia,17.0
pimenta bueno,1243.79
maua,43360.96000000001
castanhal,3628.6199999999994
serrinha,1889.14
colinas do tocantins,510.5
pereira barreto,4044.82
osasco,80820.33999999997
petrolina,13759.1
santana do paraiso,2696.82
para de minas,7162.08
vere,598.39
alto alegre do iguacu,74.69999999999999
santana do acarau,1376.89
conceicao dos ouros,632.78
nilopolis,13127.18
guabiju,33.6
buri,938.3199999999999
bezerros,1277.39
lindoia,606.03
sao joao da boa vista,11627.81
morrinhos,2397.59
pitangui,2517.2300000000005
cruz das almas,2007.2400000000005
sananduva,453.77000000000004
elias fausto,396.4
campanha,598.79
alpercata,228.8
palmitinho,271.69
varzea alegre,140.29
tambau,1513.4300000000003
quatro barras,1763.6600000000003
floresta,1184.3700000000001
santo antonio da patrulha,5100.08
areal,1152.18
canoinhas,4583.01
queimadas,2257.3500000000004
carmo,1415.19
nova venecia,2439.8999999999996
pompeia,1907.08
formosa,5282.15
sao lourenco do oeste,781.38
serra,35184.07
queimados,5841.849999999999
recife,85186.32999999997
canoas,26470.139999999996
araguari,10869.520000000002
santa tereza do oeste,364.9
sao pedro,3683.54
rianapolis,451.68
capao bonito,3078.9700000000003
boca da mata,219.73000000000002
perdizes,1163.31
jarinu,1410.4800000000002
xaxim,1718.58
guacui,3797.29
barroso,1289.96
belo campo,174.47
pradopolis,901.0
sao lourenco do sul,2135.38
lutecia,887.0
sao sebastiao do alto,488.98
curvelo,5248.01
itajobi,1653.9500000000003
pirambu,289.0
caldas novas,5301.63
gurupi,5229.289999999999
nova boa vista,52.9
guanhaes,1931.45
patrocinio,6747.54
balsas,5274.429999999999
salgueiro,2315.95
quirinopolis,1475.95
santa rita,1491.65
olinda,12690.08
santa maria madalena,1046.09
jaboticabal,5747.120000000001
paranagua,7339.459999999999
boninal,717.6999999999999
lagoa de sao francisco,68.99
joao monlevade,6941.9
rosario do sul,933.25
casa branca,1261.58
birigui,14611.340000000004
itapira,6933.03
muzambinho,665.8
braco do norte,2962.4699999999993
abreu e lima,2376.9500000000003
sao carlos,29822.500000000007
muriae,10949.429999999998
ilhabela,3180.3800000000006
belmonte,187.69
feira de santana,26694.2
uibai,549.98
aguas lindas de goias,2219.91
jaboatao dos guararapes,21143.17
nova mamore,594.9
palotina,872.76
eusebio,2217.51
serafina correa,813.6600000000001
montanha,1586.5400000000002
lavras,12790.96
rio brilhante,972.28
macatuba,2984.6400000000003
teutonia,1493.6
leopoldina,1667.77
rio branco,13936.23
nanuque,2395.9700000000003
entre rios,1103.4
cristina,1009.4200000000001
ituverava,3748.74
carapebus,696.97
estancia velha,2782.1
dois irmaos,3398.76
santo antonio de jesus,4296.86
cubatao,6996.029999999999
itabaiana,3125.77
xinguara,1282.22
barra da estiva,860.57
arcos,5391.73
cajati,1821.3200000000002
campina do monte alegre,237.9
macaubas,867.4699999999999
sao caetano do sul,32159.800000000007
pedreira,2893.6000000000004
campina grande do sul,1062.57
marica,15216.260000000002
avelino lopes,72.89
rio do sul,4777.85
catanduva,9680.83
frutal,3310.46
anapolis,17129.88
cristalandia,948.69
tabatinga,389.69000000000005
ronda alta,1544.3300000000002
parobe,1750.4800000000002
dois corregos,1233.69
retirolandia,89.9
carpina,2194.76
vitoria,52067.590000000004
morada nova de minas,658.89
dois vizinhos,2311.92
fundao,352.8
santana de parnaiba,23029.75
florianopolis,84178.84999999999
santa branca,763.76
sao mateus do sul,1933.9500000000003
sape,1959.99
campo belo,1836.3400000000001
anchieta,2286.5000000000005
patos de minas,16726.98
itumbiara,5092.22
urucurituba,169.8
rolim de moura,465.04999999999995
cruz alta,2842.11
bela vista de goias,608.66
apiai,547.5699999999999
jacinto,113.99
cassia dos coqueiros,74.9
joinville,34399.99
natal,35751.380000000005
pirapozinho,1319.37
quata,3119.56
concordia do para,929.78
telemaco borba,4693.490000000001
sao jose,20251.46
cabeceira grande,265.89
sento se,53.99
dourado,1120.3300000000002
rio rufino,59.0
paranavai,7120.95
ribeirao preto,64672.27
ipanema,3727.7699999999995
piedade de caratinga,662.07
videira,7822.350000000001
sao vicente,19234.08
umuarama,5770.5199999999995
unai,6825.390000000001
timoteo,7697.870000000001
holambra,2719.2
joanopolis,824.6
adamantina,5393.070000000001
nhandeara,595.26
lourdes,193.7
arraial d'ajuda,594.42
catas altas,1052.85
alcobaca,1289.78
catigua,668.5699999999999
tucano,748.69
campestre da serra,1348.99
matao,7162.720000000001
uberaba,27338.65
diadema,28839.98000000001
barra do garcas,4076.1999999999994
alto rio doce,213.42000000000002
cordeiros,322.75
presidente prudente,25517.33
baturite,447.97
nova granada,1790.3300000000002
navegantes,6783.170000000001
andradas,4070.3100000000004
campinapolis,324.86
guaicara,767.23
costa marques,1534.9
panambi,3640.9899999999993
sao leopoldo,11037.67
americana,24462.179999999997
nova brasilandia d'oeste,402.79999999999995
ribeirao das neves,12584.539999999999
nova floresta,129.6
patos,4036.6500000000005
trancoso,754.1999999999999
chavantes,926.5200000000001
arenopolis,108.9
sao geraldo do baguari,117.3
custodia,584.88
caruaru,9265.7
meridiano,119.0
itaipava,406.84000000000003
resplendor,739.06
taquarituba,2418.62
tocantins,681.3799999999999
varginha,13933.099999999999
taubate,28887.100000000002
juazeiro do norte,6697.999999999999
cacoal,1801.4700000000003
santo antonio do aventureiro,77.99
itaborai,6555.8499999999985
sao sebastiao do paraiso,4800.050000000001
paranaiba,1396.24
portelandia,93.99000000000001
querencia,2302.62
sao jose da barra,987.1400000000001
imbuia,1501.88
lucelia,961.35
itaju,927.8
maracanau,4813.33
inhapim,436.35
uniao da serra,18.5
santa rita d'oeste,178.57000000000002
bombinhas,1935.4100000000003
alta floresta,3495.55
marataizes,2907.27
novo alegre,279.99
biguacu,3270.2300000000005
baldim,650.99
ibotirama,3032.39
macapa,11352.43
sanga puita,36.9
orlandia,4027.32
piedade dos gerais,392.88
joao pinheiro,2475.31
cedral,1623.24
boituva,6852.15
andrelandia,119.36000000000001
tangara da serra,3905.7000000000003
presidente epitacio,2572.5199999999995
tiete,4111.22
sao jose dos campos,75425.30999999998
monte carmelo,2869.14
sertania,343.28999999999996
linhares,11925.11
paicandu,943.16
sao gabriel da palha,1406.8000000000002
aracaju,34485.94
taboao da serra,34740.69
tapes,797.35
igarapava,791.0899999999999
rio de contas,226.70000000000002
xangri-la,1013.5799999999999
campo grande,56513.68
sao jose do rio preto,46669.73000000001
pederneiras,3007.0699999999997
mineiros,3379.3
coronel joao sa,587.99
miracema,1547.26
itaberai,1012.08
nova odessa,4352.71
chapeco,15106.109999999999
jaguarao,1025.29
montenegro,4910.599999999999
itapetininga,12232.88
novo horizonte,2663.3000000000006
santa rita do sapucai,3910.7
carlos barbosa,2554.79
morretes,587.98
bage,8936.64
jacarei,18055.78
santo eduardo,215.0
campina das missoes,155.8
sideropolis,299.7
bom jardim,2503.0499999999997
guarulhos,138897.19999999987
marau,2167.34
itajuba,13667.8
tocos,338.9
diamantina,2424.28
marilandia,1436.07
passos,4247.280000000001
diamante d'oeste,289.9
uniao da vitoria,5081.93
sao raimundo nonato,2145.39
itu,12266.339999999998
treze tilias,885.66
itaguaru,84.89
confresa,1065.65
sao joao del rei,8168.070000000001
mostardas,1517.83
bom despacho,4680.530000000001
jacobina,7029.759999999999
aruja,7606.78
zortea,99.80000000000001
barra do bugres,840.25
angatuba,818.7499999999999
marechal candido rondon,3469.7099999999996
ecoporanga,881.92
aluminio,1252.1499999999999
ibiapina,197.89
goitacazes,1116.34
floriano,2424.0200000000004
cafelandia,2374.31
volta redonda,33329.100000000006
aparecida de goiania,14203.980000000001
alfenas,5350.319999999999
paragominas,2033.6500000000003
itambacuri,601.77
forquilha,348.47
carangola,4281.2699999999995
bento goncalves,6648.58
cabo frio,16016.520000000002
petropolis,32247.680000000004
penapolis,4776.579999999999
parana,108.88
mandaguari,5039.15
santo antonio do jacinto,406.59000000000003
monnerat,284.84000000000003
arvorezinha,262.5
rio claro,19936.56
aracatuba,16589.39
morro do chapeu,557.5699999999999
barbacena,12201.439999999999
catalao,5354.039999999999
jaguari,157.89
cunha,2845.12
itaiopolis,1313.59
garanhuns,3948.4799999999996
auriflama,1871.6600000000003
mantena,1652.22
poco fundo,933.99
campo largo,3849.9900000000002
bernardino de campos,256.09000000000003
sao joaquim da barra,4302.490000000001
mucuri,2203.67
criciuma,13725.080000000002
resende,13390.35
apora,44.9
peruibe,6531.119999999999
barra bonita,3902.43
rancharia,2623.2900000000004
bambui,2206.6700000000005
anta,241.88
tatui,11281.029999999999
jequie,4687.840000000001
timbauba,567.67
capao do leao,1072.25
barra de sao joao,2440.8500000000004
arraial do cabo,5176.55
tabocas do brejo velho,139.88
pecanha,794.8
eunapolis,6788.61
franca,22015.55
aguai,1985.5500000000002
araxa,13046.420000000002
rio grande da serra,2169.31
santa cruz do sul,10360.879999999996
porto alegre,182140.54999999984
foz do iguacu,11506.38
chaveslandia,233.79000000000002
santa maria de jetiba,1888.9699999999998
orobo,99.9
macambara,162.74
cataguases,4474.870000000001
sacramento,1986.57
bananal,582.25
araguana,119.0
candido rodrigues,81.78999999999999
montes claros,25967.149999999998
nova serrana,7447.26
baixo guandu,1399.1000000000001
ouro fino,2511.84
cambuquira,340.76
varzea paulista,10252.39
campo maior,993.66
cabo de santo agostinho,2877.95
pirai,2218.1600000000003
capivari,4663.71
rio do antonio,259.0
eldorado do sul,1853.48
itauba,1420.98
faxinal dos guedes,1512.73
denise,507.0
piratininga,1583.28
laranjal,316.99
bonfim paulista,2457.37
porangatu,1828.15
goianapolis,1086.98
aparecida de monte alto,179.9
amparo,11395.729999999998
mairi,913.0
altaneira,369.6
itaperuna,5563.579999999998
peabiru,675.39
charqueada,1122.67
quilombo,174.78
ipira,3362.98
rio paranaiba,680.27
botucatu,17104.510000000002
cachoeira do campo,828.99
sao francisco do conde,276.8
lago verde,98.0
sao francisco do sul,1549.0800000000002
guamiranga,214.0
visconde do rio branco,1557.3400000000001
camaragibe,2625.08
ilha de itamaraca,524.4399999999999
casca,1326.27
armacao dos buzios,4817.41
francisco beltrao,7291.579999999999
forquilhinha,1143.85
sud mennucci,377.87
limeira,22804.260000000002
cajari,289.0
nucleo residencial pilar,2024.3500000000001
serra dos aimores,351.82
sao joao do piaui,1541.8000000000002
barreirinhas,361.42
santo antonio da platina,1140.6100000000001
tres rios,7172.62
ouro preto,6711.559999999999
porteiras,16.55
palmeira dos indios,1094.4099999999999
guaira,4519.0199999999995
dourados,8849.709999999997
escada,2658.4300000000003
coronel macedo,92.9
balneario picarras,1426.81
alvaro de carvalho,358.0
estreito,305.89
maraba,3597.1700000000005
lauro muller,1449.5700000000002
arcoverde,515.8
barra mansa,18698.980000000003
brauna,400.78999999999996
guia lopes da laguna,29.99
aracariguama,616.88
tramandai,2703.5200000000004
barra do pirai,5059.2
santa adelia,1609.65
sao roque,9433.18
cianorte,4863.67
formoso do araguaia,251.28000000000003
tamarana,103.9
cerquilho,3182.6100000000006
rio verde,9558.41
almirante tamandare,4255.69
pirassununga,8550.33
socorro,2319.45
junqueiropolis,2029.2400000000002
blumenau,24240.08
muritiba,159.49
matutina,134.89000000000001
sao goncalo do amarante,1280.55
inhumas,2210.8300000000004
pancas,159.94
itapui,1307.09
mogi-guacu,11629.82
aguas de lindoia,3092.5899999999997
araquari,993.25
lajeado,8188.410000000001
santo angelo,5333.46
guarapari,10494.41
sorocaba,74638.17999999998
carmo da cachoeira,319.44
poloni,163.12
imbe,2727.95
iconha,315.74
catu,1486.97
betim,27863.709999999995
ararangua,2246.55
jardim,648.65
pinhalzinho,2117.2799999999997
manfrinopolis,111.0
belford roxo,12205.359999999999
votuporanga,8372.9
ascurra,342.59999999999997
caninde,565.39
casimiro de abreu,3458.33
ipueiras,1547.29
alfredo vasconcelos,567.99
arapongas,6325.059999999999
paco do lumiar,766.38
andradina,6302.53
redencao do gurgueia,179.8
itapejara d'oeste,1049.9
carmo do cajuru,1638.4399999999998
campina verde,659.4799999999999
descalvado,1231.74
abadiania,949.99
jose bonifacio,1486.3400000000004
maioba,648.89
cruzeiro,6109.500000000001
itau,666.8
bom jesus do itabapoana,3405.91
benedito leite,95.9
uba,6369.76
sao miguel do oeste,6095.820000000001
martins soares,408.79
juazeiro,7401.279999999999
caete,2482.97
urussanga,893.68
lajedo,916.27
porto velho,21890.55
itarare,3915.3000000000006
cambui,3133.7400000000002
cornelio procopio,2234.1699999999996
joviania,376.97
bom jesus dos perdoes,1608.7300000000002
macae,30445.440000000002
inacio martins,242.99
tocantinopolis,731.65
sao mateus,6569.969999999999
mato verde,420.43
farroupilha,3213.0299999999997
sapiranga,3375.7
nova itaberaba,308.89
campo alegre de goias,175.89000000000001
rio real,386.0
ribeirao pires,10103.729999999998
santa maria do suacui,454.9
mococa,6020.969999999998
morungaba,582.6899999999999
monte azul,619.9
piratuba,941.48
itatiaia,1526.4600000000003
picui,107.99
rio preto,161.68
primavera do leste,6232.8099999999995
serra do salitre,49.99
alvares florence,185.76
turvelandia,27.3
limeira do oeste,441.7
esteio,6068.71
rinopolis,104.89
guaruja,28878.390000000007
palhoca,10910.460000000001
ponta grossa,18573.48
teodoro sampaio,1324.67
tupa,6483.029999999999
paraguacu,1452.8500000000001
ipumirim,281.40999999999997
nazario,237.89000000000001
santa cecilia,655.69
marialva,2573.17
bebedouro,4992.89
sangao,264.78999999999996
vila velha,46895.83
pacajus,1262.5900000000001
pato branco,9047.640000000001
arapei,324.89
maravilha,711.97
assis,12199.23
engenheiro passos,250.89000000000001
torrinha,422.6700000000001
dionisio,118.80000000000001
tres barras,297.34
sao jose do vale do rio preto,1192.21
lorena,7650.030000000001
caucaia,5856.66
simoes filho,4671.4800000000005
ouroeste,1235.19
nazareno,161.8
paulinia,16475.05
iraquara,390.79999999999995
celina,174.9
moju,242.88000000000002
bauru,38903.689999999995
valinhos,22101.75
santo antonio de posse,5027.889999999999
taua,933.13
centralina,29.99
nova petropolis,459.89
santana do jacare,1685.79
itauna,7743.950000000001
sao miguel do guapore,399.44000000000005
niquelandia,1577.67
estancia,2594.65
bacuri,315.41999999999996
mineiros do tiete,216.15
vassouras,4481.900000000001
nova lima,20815.15
jauru,613.79
cravinhos,2363.95
itambe,898.3799999999999
acaiaca,164.9
morada nova,1355.27
munhoz,384.66999999999996
passo fundo,15163.710000000001
godoy moreira,1049.0
fazenda rio grande,4655.49
londrina,45867.97
viamao,6479.31
getulio vargas,746.61
registro,5929.57
mairinque,2772.12
santo antonio do monte,1909.1200000000001
lauro de freitas,8632.98
coronel vivida,856.8700000000001
angra dos reis,18693.24
guaiba,5417.51
manhuacu,8510.0
joacaba,4720.999999999998
nova andradina,2194.87
indaiatuba,36683.59999999999
sao goncalo,50833.270000000004
itapolis,3363.99
santa luzia,11727.17
hortolandia,16225.15
itajuipe,734.49
rio bonito,4352.110000000001
solonopole,729.89
cajamar,9725.38
pinheiral,2165.19
itapevi,18348.91
sumidouro,1060.6799999999998
juquia,710.08
senador pompeu,585.94
porto seguro,10241.089999999998
brasilia,295814.72
tarabai,982.35
senador jose porfirio,6.0
lagoa da confusao,699.99
lima duarte,764.88
cansancao,766.9599999999999
manoel ribas,631.65
teresina,49028.57
sumare,21135.11
arapoti,966.9699999999999
livramento de nossa senhora,655.54
balneario camboriu,16609.33
santo antonio do palma,73.89
louveira,4777.82
barrinha,2965.1400000000003
miguel pereira,3602.2000000000003
barretos,9077.109999999999
sao joao batista,1788.2200000000003
maracai,1114.58
assis chateaubriand,1200.31
pedra preta,589.79
vera cruz,2797.6599999999994
jandaia do sul,1839.2500000000002
alvorada,7702.199999999999
luis eduardo magalhaes,8343.869999999999
curitiba,205999.32999999984
rio das ostras,18998.989999999998
teofilo otoni,7744.23
joao lisboa,612.89
cordeiropolis,1260.0500000000002
sabaudia,5.9
sao francisco,2338.3900000000003
santa juliana,1723.3899999999999
agua boa,2758.87
leme,8152.92
seropedica,4391.15
pocoes,308.99
niteroi,115890.25999999995
jacarezinho,1289.36
vinhedo,8895.119999999999
sume,248.89
charqueadas,1721.4100000000003
japeri,4458.2699999999995
santa barbara d oeste,170.92000000000002
governador valadares,18106.350000000002
coronel fabriciano,4149.2
belo jardim,1578.63
cruzilia,377.9
goianinha,325.3
araruna,559.87
mongagua,5212.53
sao lourenco da serra,1151.95
brejo santo,1529.8600000000001
mafra,1719.63
goiania,96547.84999999995
canaa dos carajas,1565.93
aripuana,1124.7800000000002
monte siao,2530.2799999999993
lagoa do ouro,305.9
colorado,1225.48
aguas belas,769.87
tabapua,1322.9599999999998
guapimirim,2967.2600000000007
eugenopolis,973.87
sao jeronimo,569.75
lapa,2039.2000000000003
arapua,89.0
guapore,3153.1499999999996
oliveira,2579.0
conceicao das pedras,313.59000000000003
campo formoso,3419.13
araguaina,7384.789999999998
contenda,89.9
jaiba,683.49
potiragua,495.97
imperatriz,7171.379999999999
quatituba,105.0
corumba,4700.17
porto firme,153.60999999999999
alegrete,4483.77
itaporanga,2501.08
condado,944.8
aracati,2629.5400000000004
sao felix do xingu,1382.6999999999998
descoberto,206.98000000000002
paraisopolis,2041.76
nova trento,870.5999999999999
canela,2418.63
santa fe do sul,3945.7699999999995
martinho campos,415.2
cicero dantas,2974.15
porto nacional,1577.68
nova fatima,398.69
alto boa vista,418.0
itapema,6109.869999999999
buritis,1981.55
parauna,556.88
ribeira do pombal,618.1899999999999
santo andre,89435.72999999998
salvador,173273.0499999999
mairipora,9087.38
barreiras,10809.029999999997
sao jose do rio pardo,5106.24
coremas,284.69
guarapuava,8460.55
jose de freitas,257.9
colorado do oeste,199.88
governador lindenberg,101.97
iguaracu,525.7
sao paulo,1859466.8399999954
santa helena,1277.85
campo limpo paulista,4773.44
piraju,4659.089999999999
marco,582.6
itaqui,1154.3799999999999
mariana,4416.579999999999
vargem grande do sul,778.6999999999999
jacui,403.73999999999995
tubarao,10606.13
espirito santo do pinhal,2160.0200000000004
uruburetama,58.99
jequitinhonha,1372.3700000000001
apodi,377.89
braganca paulista,20127.620000000003
embu-guacu,6244.679999999999
irati,2455.2200000000003
ipatinga,21797.420000000002
jales,2918.15
boa esperanca do iguacu,35.9
presidente olegario,412.90999999999997
porto feliz,2974.0699999999993
capetinga,198.9
ocaucu,241.60000000000002
prudentopolis,839.09
mesquita,9191.919999999998
butia,1112.69
sao borja,2124.7400000000002
sombrio,1175.92
campo novo do parecis,4915.79
soledade,827.69
goiatuba,2347.44
vitoria de santo antao,2455.1499999999996
maurilandia,265.63
andre da rocha,119.0
nova iguacu,58217.83000000001
pouso alegre,21181.45
formiga,4407.94
taquaritinga,4604.030000000001
irai de minas,414.89
vereda,309.4
cordeiro,2604.8599999999997
apucarana,6684.3600000000015
valparaiso de goias,5437.849999999999
timon,1123.7199999999998
saudade do iguacu,263.79
juquitiba,3073.870000000001
belem,78802.74
paranapanema,560.4499999999999
mirassol d'oeste,1912.0199999999998
senhora dos remedios,29.99
catuipe,539.8
corumbaiba,176.8
lencois paulista,6720.22
cachoeiro de itapemirim,15871.63
areia branca dos assis,462.54
ariranha,531.49
conceicao do coite,997.8899999999999
pontal,1097.3799999999999
engenheiro coelho,1049.48
gongogi,29.99
carlopolis,755.4000000000001
paranaita,1858.75
ubaira,704.79
monte aprazivel,948.11
monte alto,2355.01
guaratingueta,14751.119999999999
lucas do rio verde,5667.76
adolfo,373.8
sao miguel do aleixo,20.0
caraguatatuba,11603.259999999998
valenca,10314.050000000001
taiuva,881.54
pedrinhas paulista,420.87
carmopolis de minas,1629.7800000000002
gravatai,18591.02
jau,9460.560000000001
caxias do sul,36033.19
sanclerlandia,419.79
piracicaba,49173.47000000001
frutuoso gomes,79.99
anta gorda,577.6999999999999
alegre,2884.0700000000006
ferraz de vasconcelos,15549.530000000002
jaguariaiva,1634.5900000000001
ouro branco,4419.2300000000005
jandira,8260.470000000001
cantagalo,2329.42
tejupa,335.18
ivoti,1235.1100000000001
alto parnaiba,777.79
itaquaquecetuba,18889.92
erechim,6420.8899999999985
crateus,2407.76
caieiras,12662.83
osorio,6251.239999999998
itamaraju,1304.23
resende costa,224.79000000000002
alem paraiba,2870.5600000000004
ibirite,7241.58
taiobeiras,2684.71
posse,3520.3499999999995
lagoa santa,8378.599999999997
dracena,4538.05
cachoeirinha,9297.25
caxambu,1700.7300000000002
iacanga,329.39
campos do jordao,3201.1000000000004
nossa senhora do socorro,2282.92
saquarema,4534.05
paracambi,6571.96
itapeva,6635.930000000001
santo estevao,979.81
mata,399.85
paraiso do tocantins,1799.0400000000002
irece,1729.52
vicosa,16125.150000000001
sitio novo do tocantins,314.9
santa barbara,4608.210000000001
jatai,10040.37
ribeira,209.28
vespasiano,5953.69
gaspar,10623.339999999998
schroeder,1168.69
pirangi,1055.0900000000001
ibiuna,3439.5200000000004
riacho de santana,1194.7
cunha pora,645.42
santa isabel,2785.6600000000003
salto,10184.029999999999
quatro bocas,1486.99
ilha solteira,2299.4400000000005
iuna,131.0
mario campos,618.64
dias d avila,45.0
sidrolandia,1557.76
pirapora,6803.069999999999
tres coracoes,4493.83
rio de janeiro,955847.360000002
humaita,285.85
palmas,19341.999999999996
sete lagoas,17263.350000000002
joao pessoa,51502.14999999999
guaxupe,6081.169999999999
bayeux,808.0499999999998
belo horizonte,346039.04000000015
cocal do sul,2015.29
prata,1099.48
tres de maio,1969.05
laranjeiras do sul,1995.5699999999997
presidente venceslau,2940.19
araraquara,19871.850000000002
sarandi,1912.32
bandeirantes,1818.1
martinopolis,3708.09
valente,3209.5800000000004
sao joao da barra,2115.54
fernando prestes,591.48
antonina,2077.57
monte azul paulista,2887.9100000000008
ipaussu,1228.72
piuma,2216.1800000000003
ibirama,1026.5
machadinho d'oeste,396.98
sao jorge d'oeste,89.9
santa vitoria do palmar,1750.7500000000002
santo anastacio,1884.6000000000004
pindorama,368.9
vera,262.79
capelinha,2562.9599999999996
olho d'agua das cunhas,312.99
carajas,483.22
congonhinhas,285.70000000000005
sapeacu,246.79000000000002
osvaldo cruz,1786.4599999999998
estrela,2113.2
miguel calmon,616.64
aparecida,3740.96
sao jose do norte,548.5
bom retiro,70.0
aramina,97.9
divinolandia,1370.6800000000003
cacador,4569.38
campos gerais,457.15999999999997
monte santo de minas,869.28
crixas,893.68
jaru,660.59
mariano moro,125.0
divino,1208.5900000000001
capoeiras,143.0
cerqueira cesar,3701.5200000000004
limoeiro,511.59
potim,249.8
cristalina,2112.65
imbituva,740.67
mirante do paranapanema,199.70000000000002
coaraci,1201.8799999999999
serrana,917.9
iacri,56.98
lavras da mangabeira,827.88
tuparendi,183.49
presidente dutra,2195.7799999999997
bilac,680.62
oleo,59.9
sertao,309.49
oeiras,553.44
monte belo,1109.78
igreja nova,208.0
bonito,2910.96
angical,269.9
marmeleiro,698.4399999999999
tres lagoas,7431.32
jaguarembe,33.99
itamarandiba,1706.99
arembepe,429.7
flores da cunha,1439.4500000000003
castilho,2822.21
passagem,1199.0
firminopolis,613.49
vacaria,2294.08
dias d'avila,2468.4500000000003
taquarivai,674.89
sao roque do canaa,348.0
pinhalao,1894.94
florinia,41.5
pitangueiras,1362.6200000000001
ibicoara,299.2
santa rita do passa quatro,2123.97
senador firmino,138.57
campos sales,1543.9
planaltina do parana,10.75
morro agudo de goias,32.9
capitao eneas,65.6
parnaiba,3910.11
jaguare,1193.9500000000003
cotriguacu,167.66
colombia,377.72
victor graeff,142.8
viana,3994.79
entre rios de minas,1503.8600000000001
cerro largo,712.87
juina,4695.32
vila valerio,1369.3999999999999
caetanopolis,664.5699999999999
estiva gerbi,964.26
ituporanga,3225.1600000000003
clementina,397.53999999999996
florestopolis,492.7
espumoso,1210.71
santa teresa,1117.3600000000001
lagoa real,410.0
pindai,134.8
ipiranga do sul,109.9
mutum,1397.9400000000003
santa luzia do parua,79.9
colonia castrolanda,824.03
goianesia,1987.48
sao manuel,3052.3900000000003
balneario pinhal,898.57
aparecida do taboado,2531.9000000000005
jaci,115.89
joaquim nabuco,234.87
paranapua,64.99000000000001
igarape,1734.47
medianeira,2883.53
sao cristovao,618.69
guarda-mor,83.9
dom basilio,100.28
morro agudo,1670.95
iturama,1655.5500000000002
tapejara,1521.0300000000002
quixere,744.3
senhor do bonfim,2387.38
sao lourenco da mata,1190.96
aimores,951.37
barbalha,1302.98
eldorado,530.6700000000001
werneck,403.89
bady bassitt,517.8
bom jesus,2555.96
vargem alta,278.89
itacare,808.1899999999999
bonito de santa fe,119.6
carmo do rio claro,1642.4199999999998
chapadao do sul,1569.79
palmeira das missoes,1559.51
curiuva,295.70000000000005
regente feijo,897.01
agua branca,401.69
placas,220.29000000000002
chapada do norte,373.9
arandu,235.6
luiziania,225.49
boa vista das missoes,349.9
itubera,100.73
chopinzinho,142.38
aperibe,1464.94
santa quiteria,849.6700000000001
alto parana,389.9
nova aurora,1065.8899999999999
entre folhas,84.99
turvania,83.7
inhapi,979.9
potengi,245.89000000000001
palmital,1939.1600000000003
dom eliseu,343.87
sobralia,24.9
nova ponte,1409.4900000000002
riacho das almas,203.9
lagoa d'anta,170.0
witmarsum,147.79000000000002
campos novos,1929.6900000000003
abaete,1597.8100000000002
anitapolis,608.99
alianca do tocantins,162.79
barra do ribeiro,553.78
piraquara,1604.51
mojui dos campos,119.59
cambe,3930.6699999999996
ibiracatu,129.99
sao bernardo,706.79
ipora do oeste,509.85
sao joao do manhuacu,154.8
vilhena,1973.9499999999998
bonito de minas,99.99
belo vale,313.8
piquete,771.09
massaranduba,347.86
girau do ponciano,39.9
novo progresso,2219.0099999999998
campos de julio,934.8
planalto,807.68
sao joao dos patos,1333.0800000000002
caxias,1790.55
garuva,1467.38
santa ines,1520.78
piranga,316.19000000000005
novo sao joaquim,292.59999999999997
rio novo do sul,531.68
parelhas,1233.8899999999999
tangara,354.9
uruacu,1750.0200000000002
raul soares,1115.51
ibira,739.8299999999999
pau dos ferros,2745.55
formoso,867.99
terra rica,644.67
santo amaro,1805.9300000000003
balneario arroio do silva,379.88
pontal do parana,1084.26
urandi,707.94
milagres,836.54
campo verde,781.38
penha,2092.3900000000003
pedro de toledo,733.22
guarani,2164.42
paulistana,862.6700000000001
corguinho,225.41
icem,885.97
ferros,119.6
porto calvo,323.39
veranopolis,2394.0400000000004
jesuania,327.97999999999996
sao jose de uba,478.89
santa isabel do rio preto,739.9
brasilia de minas,671.7399999999999
matias barbosa,2169.8599999999997
rio manso,815.5600000000001
congonhal,455.84000000000003
bituruna,433.38
trombas,16.97
itapecerica,1363.28
bonfinopolis de minas,1387.2
nova olinda do maranhao,1546.4
joaquim tavora,317.98
prudente de morais,139.0
cajobi,1018.43
sao joao de iracema,168.38
california da barra,871.97
rodeio,849.66
humildes,249.99
presidente alves,112.61
entre rios do oeste,93.88999999999999
tres pontas,2228.21
santo antonio do jardim,231.03
itapemirim,372.69999999999993
dom pedrito,1461.93
iguaba grande,2348.6000000000004
rio do pires,552.8
duere,115.9
januaria,3471.23
santa leopoldina,89.9
montalvania,352.2
cabaceiras do paraguacu,31.9
balsamo,1257.23
maua da serra,129.99
guidoval,364.9
angulo,294.7
palmitos,667.9
presidente medici,224.89000000000001
santa helena de goias,1499.7300000000002
olaria,79.9
sorriso,3342.7500000000005
agudos,1265.3
santo antonio do amparo,376.72
venda branca,117.3
vianopolis,529.67
chui,818.6999999999999
horizontina,576.54
jundiai do sul,337.96999999999997
orizania,129.95
batalha,214.79000000000002
jatauba,126.89000000000001
matozinhos,750.65
jaupaci,89.9
porto uniao,3023.6499999999996
claro dos pocoes,99.99
monte castelo,169.5
jucurutu,632.98
arroio dos ratos,1034.1799999999998
moreira sales,345.67
jequitai,204.18
mandaguacu,3222.0
beberibe,1736.7
acailandia,937.79
ico,1990.88
frederico westphalen,1053.45
francisco badaro,367.46
arinos,752.0699999999999
ibatiba,1518.7800000000002
terra nova do norte,408.8
grao para,220.8
analandia,511.03
jose da penha,159.99
cristal,533.0
antunes,119.8
serra do ramalho,317.09000000000003
cambara,803.1700000000001
reginopolis,1552.99
altos,1345.39
guaramirim,1377.08
lavinia,326.8
piranguinho,1475.65
monte carlo,309.5
governador celso ramos,389.97
iramaia,154.9
santa clara do sul,339.99
igarata,764.0899999999999
paraipaba,558.97
garrafao do norte,662.89
santo antonio do grama,239.9
romaria,264.9
pedro osorio,692.4499999999999
campo ere,560.6
passo de torres,587.99
ipu,379.88
pedro leopoldo,5057.01
rosario do ivai,29.0
mangaratiba,974.8400000000001
pontes e lacerda,1556.77
guaracai,541.49
minacu,1561.62
pariquera-acu,1765.1
pio ix,149.99
santa maria da serra,143.64000000000001
quatigua,251.70000000000002
bariri,2706.4500000000003
paraiso,850.68
sao roque de minas,169.89
taquari,1619.28
iretama,117.3
bastos,1399.6000000000001
umbauba,178.9
presidente getulio,654.18
iapu,383.15000000000003
sao marcos,816.42
esmeraldas,1780.97
caiaponia,352.78
potirendaba,707.32
herval d'oeste,1106.7399999999998
goioere,1935.2800000000002
vitorino freire,1588.0
glorinha,249.8
indaial,3334.7400000000002
quitandinha,368.9
tupi paulista,459.41
virginopolis,614.64
alvinopolis,807.0600000000001
brejo da madre de deus,410.79999999999995
senador canedo,1375.57
buenopolis,1231.38
guapiacu,906.98
sarzedo,987.93
sao clemente,139.8
ipora,2220.88
rubim,213.89
motuca,158.9
goias,1084.21
pendencias,326.5
colmeia,105.0
peixoto de azevedo,357.70000000000005
encruzilhada do sul,903.99
sao joao nepomuceno,2594.0000000000005
sao joaquim de bicas,1663.2800000000002
sao simao,1536.59
cidade ocidental,705.38
carnauba dos dantas,129.99
santa albertina,686.39
eloi mendes,1795.39
dom feliciano,452.04999999999995
jacareacanga,49.0
paraibuna,1610.99
pouso alto,251.0
canelinha,933.94
jacare,810.04
mirassol,5850.889999999999
suzanapolis,76.9
paraiso do norte,187.82000000000002
cambira,432.0
serra talhada,2053.18
cristais,208.7
rolandia,5133.9400000000005
siqueira campos,1478.08
santos dumont,2056.3
mari,264.55
turmalina,1121.69
conceicao,114.49
sao goncalo do abaete,177.99
alagoa nova,113.0
girua,1335.2800000000002
ivinhema,243.69000000000003
itobi,472.67999999999995
santana da boa vista,79.89
itapecuru mirim,552.97
pontalina,405.0
sao bento do sul,4869.900000000001
macedonia,334.21000000000004
itabirito,5012.23
bom jesus da lapa,2829.63
avelar,606.0
corumbatai,49.59
itagiba,126.89000000000001
ivate,273.98
santa mercedes,226.99
conquista,453.88
bela cruz,899.9
chapada,1463.19
domingos martins,1188.3
chapadao do ceu,1108.57
campos belos,788.0699999999999
sao luis do paraitinga,882.49
andira,1462.18
tijucas,3504.7400000000002
crato,3100.6600000000003
tapirai,108.65
artur nogueira,5949.700000000001
maragogi,1897.0500000000002
laranjal paulista,2209.33
sao sebastiao da amoreira,45.0
serrania,345.89
frei inocencio,644.29
rio das pedras,1027.64
sucesso,352.9
planaltina,754.24
sao joao do sobrado,55.92
itaipulandia,195.17
picos,3300.4300000000003
simao dias,828.48
tarumirim,775.49
rio maria,352.88
virgem da lapa,737.9
formosa do rio preto,1398.13
porto murtinho,55.0
camanducaia,2180.6699999999996
arroio trinta,169.9
ponte nova,6847.889999999999
santa cruz do rio pardo,2442.48
aracuai,1362.9800000000002
saltinho,1164.79
caldeirao grande,224.9
nova canaa do norte,149.77999999999997
xanxere,4175.87
camamu,1411.82
campo bom,4264.8099999999995
ipe,173.9
santa vitoria,4083.7699999999995
vila muriqui,731.76
lajeado grande,130.0
cidade gaucha,798.3900000000001
miguelopolis,1984.27
ibipora,1303.3799999999999
passa tres,63.85
lagoa da prata,1685.6899999999998
russas,3843.8700000000003
paiva,146.2
santo antonio do pinhal,1128.9
monte alegre de minas,213.68
capanema,1078.5700000000002
indiana,343.89
cachoeira do sul,4480.320000000001
realeza,1264.26
cajazeiras,1818.16
itatinga,1760.15
coromandel,2403.9300000000003
juru,890.0
apiaca,434.28
lago da pedra,840.37
conceicao do formoso,195.99
santo amaro da imperatriz,2972.31
jeremoabo,922.0799999999999
jacupiranga,785.8
castro alves,58.9
dom aquino,449.79999999999995
aguia branca,12.9
jardinopolis,1600.0500000000002
itutinga,69.9
taguatinga,784.8899999999999
carrancas,134.79
caldeirao grande do piaui,110.0
manhumirim,2461.7799999999997
espigao alto do iguacu,158.9
juruaia,380.78000000000003
jambeiro,329.26000000000005
lins,9162.66
cruz,1480.58
pires ferreira,18.95
raposos,1009.52
conceicao do mato dentro,1317.91
aracatu,75.99
porto rico,299.0
porecatu,735.4200000000001
saubara,179.9
rodelas,404.9
pacaembu,1505.29
sao joao da mata,174.78
fernandopolis,7415.159999999999
piumhi,195.73000000000002
sao lourenco,4207.99
reserva do cabacal,383.9
ze doca,688.5999999999999
conceicao do castelo,507.83000000000004
guara,931.5899999999999
cachoeiras de macacu,1918.2600000000004
rio casca,317.43
alterosa,252.3
capinzal,1220.5500000000002
carmo da mata,459.69999999999993
sirinhaem,571.88
foz do jordao,49.0
joao neiva,724.9300000000001
orleans,1408.59
juruena,319.9
colina,608.6800000000001
icara,2317.34
bonfim,319.74
aurora,739.59
lagoa dos gatos,969.99
acarau,1364.96
laranjal do jari,318.8
manga,378.8
xavantina,176.02
pato bragado,86.69999999999999
tucurui,4976.699999999999
ituacu,398.5
pedrinopolis,481.01
palmeira d'oeste,319.17999999999995
italva,1243.09
conceicao da aparecida,866.08
sao goncalo do rio abaixo,802.2
rosana,236.60000000000002
porangaba,166.39
holambra ii,919.68
itirucu,653.28
major vieira,256.89
alexandria,159.8
boa esperanca do sul,836.9
nova esperanca do sul,259.40000000000003
matipo,491.18999999999994
porto real,1484.6000000000001
urupes,1150.14
monsenhor paulo,53.99
aguas de sao pedro,274.99
astolfo dutra,1294.5200000000002
leandro ferreira,208.9
cachoeira,479.79
perdigao,284.5
sao romao,388.49
uchoa,582.64
breves,609.0
rio branco do sul,418.57
salto do ceu,140.39000000000001
mucurici,259.8
sao joao,1299.0900000000001
santo antonio do sudoeste,208.95
maristela,639.3199999999999
farol,126.99
jardim do serido,445.9
general salgado,493.59000000000003
brejo grande,249.0
silvianopolis,132.5
santo antonio das queimadas,84.99
sao jose da tapera,109.9
boa viagem,450.99
acreuna,1070.4299999999998
primeiro de maio,1216.6699999999998
travessao,414.09000000000003
papucaia,1126.77
gabriel monteiro,34.9
grao mogol,899.8
nazare,419.84000000000003
arenapolis,328.85
barro alto,189.89
caldas,489.70000000000005
conservatoria,864.09
rafard,556.4000000000001
santa izabel do oeste,319.89
antonio carlos,245.70000000000002
ministro andreazza,69.9
bandeirantes do tocantins,369.98
bento de abreu,327.98
santana do araguaia,392.79999999999995
nova santa rita,968.76
pires do rio,3500.83
campos verdes,385.6
garopaba,2669.1000000000004
messias targino,59.9
lagarto,1955.43
jaguaribara,98.0
camutanga,295.8
pedregulho,1039.4
moreilandia,230.9
conchal,2075.24
campinas do sul,1398.8899999999999
iacu,340.7
marinopolis,158.88
jaguaruana,1155.15
lagoinha do piaui,115.0
corrego danta,25.4
pocrane,172.99
itarana,789.37
joselandia,73.35
vicentinopolis,384.79999999999995
acucena,38.0
sao bentinho,35.0
pilar do sul,1002.3599999999999
nova independencia,23.9
capim branco,152.78
espigao do oeste,706.68
hidrolandia,1012.76
guaratuba,1821.88
tenente ananias,229.9
altinopolis,1428.8
tiangua,2377.09
surubim,546.87
gramado dos loureiros,209.99
goiandira,94.9
mogi-mirim,89.8
aguas de santa barbara,154.9
valentim gentil,372.03000000000003
guiricema,149.9
vitoria do mearim,14.0
santo antonio do aracangua,1099.0
paracuru,550.89
capitao poco,405.38
guaiuba,695.0
matupa,871.17
mutuipe,448.79
reserva do iguacu,14.0
piedade,2523.870000000001
pompeu,1055.1799999999998
agua clara,219.89000000000001
madre de deus,633.32
breu branco,481.74
itamonte,883.15
jatoba,565.29
sao geraldo da piedade,139.8
taquaritinga do norte,2064.91
itanhandu,1830.08
palmares,1206.8200000000002
frei rogerio,99.9
inaja,426.29999999999995
macaiba,574.44
ipero,2659.2799999999997
paripueira,349.9
mercedes,213.9
tres arroios,170.27
gravatal,1260.2700000000002
pedro gomes,113.0
caceres,4750.19
japura,408.5
tres passos,1270.21
riachuelo,39.97
missao velha,14.99
antonio prado de minas,282.0
bocaiuva,1618.27
pouso redondo,597.29
salto de pirapora,970.59
lagoa grande,3079.25
itapiranga,2667.1799999999994
goianorte,184.99
pinheiro machado,542.89
parati,2779.7
florida paulista,353.78999999999996
caem,57.9
dona euzebia,316.89
santa cruz do capibaribe,2169.37
formosa do oeste,69.9
itaquitinga,64.89
acegua,209.9
abelardo luz,679.6999999999999
ielmo marinho,148.70000000000002
acu,455.59000000000003
grajau,652.79
correia pinto,1454.2300000000002
ourizona,143.8
nova era,2074.71
cortes,249.89000000000001
guapiara,210.29000000000002
igarassu,1826.38
balneario rincao,393.0
chapada dos guimaraes,754.8
cristais paulista,543.78
sanharo,1748.0
bocaina,1506.8000000000002
ipameri,2100.55
serio,22.9
guaraciaba do norte,605.15
terenos,62.89
sao miguel dos campos,813.36
malacacheta,1355.65
novo mundo,59.15
inocencia,36.9
jenipapo de minas,7.48
mundo novo,1102.99
conceicao do jacuipe,177.89
camaqua,1693.85
iguatu,3676.19
trombudo central,182.89
alagoa grande,139.99
sao jorge do patrocinio,89.9
barra do choca,799.0
francisco sa,532.8
carlos chagas,124.80000000000001
dumont,289.70000000000005
santana do mundau,1052.8
fraiburgo,2028.57
matrincha,163.29
cumari,199.9
maragogipe,152.8
sapucaia,626.65
embu,1517.88
jamaica,59.0
tuiuti,49.0
presidente tancredo neves,234.68
fartura,1771.41
jucas,325.0
colider,2161.73
buritizeiro,2611.19
cacequi,286.99
igaratinga,253.52
conselheiro pena,2000.56
teixeiras,483.58000000000004
curvelandia,189.0
camocim de sao felix,362.9
abaiara,262.9
maravilhas,420.81
piacabucu,228.9
rolante,874.2499999999999
ocara,109.88999999999999
ibate,1512.6000000000001
santa rita do araguaia,800.25
quixeramobim,859.79
sao jose de mipibu,821.69
carmo de minas,643.96
bacabal,3243.71
agisse,43.0
guarei,1098.29
ibiai,556.89
vila flor,99.73
picarras,155.0
guaratinga,42.99
tacaratu,204.89000000000001
severinia,466.13
cardoso moreira,500.02000000000004
itapoa,849.67
varjota,748.97
palmeira d oeste,49.9
porto ferreira,1646.22
altonia,494.9
tabuleiro do norte,44.99
pojuca,1481.0900000000001
mansidao,49.0
marituba,1224.29
carbonita,755.87
utinga,323.89
cesario lange,1966.5000000000002
luz,166.9
rio fortuna,469.39
arroio do sal,918.97
paty do alferes,2234.66
barao de cocais,1958.4
campos borges,825.89
ritapolis,145.69
paula candido,129.0
santo cristo,609.45
abadia dos dourados,358.9
sucupira do norte,319.9
brotas de macaubas,168.0
sao jose do calcado,970.18
gaurama,277.88
manoel urbano,194.99
fatima,511.8
esperantina,499.1
ouro verde de minas,80.78999999999999
figueiropolis d'oeste,77.98
campinacu,179.9
divinolandia de minas,219.59
arraial d ajuda,72.62
barro,621.89
navirai,1910.88
tacuru,120.0
ibirarema,426.88
maripa,361.97
cardoso,944.81
casa nova,1126.19
pinheiros,1224.31
jacunda,1601.71
sebastiao leal,24.99
capao da porteira,157.0
monsenhor tabosa,329.8
itatiaiucu,129.9
peritiba,106.9
porto belo,856.3199999999999
canudos,174.9
pimenta,233.99
caetite,1892.3000000000002
miracatu,863.9899999999999
carazinho,2030.93
planura,102.16
cerro azul,182.18
liberato salzano,12.99
colonia vitoria,294.90999999999997
santa rita de minas,367.67
sao paulo do potengi,229.9
ribeirao bonito,727.29
sao mateus de minas,59.88
coribe,654.97
canapolis,539.4499999999999
novo lino,79.9
ciriaco,229.0
antonio goncalves,34.9
lupercio,133.79000000000002
itarantim,478.97
maracana,238.0
carinhanha,348.9
quixada,2755.5699999999997
barauna,229.99
lagoa do carro,746.77
candiota,802.7
palmares do sul,435.77
nossa senhora de lourdes,79.99
feliz deserto,309.89
buriti,151.79
jordania,886.2499999999999
conceicao do caninde,155.44
capao do cipo,260.0
paramirim,407.67999999999995
terra roxa,726.97
raposo,584.7
aparecida de sao manuel,226.3
alianca,64.99
salgado filho,155.7
divinesia,249.9
goianira,853.81
rio negrinho,1121.19
sao jose do belmonte,228.9
santa brigida,84.9
ouro verde de goias,82.9
perdoes,603.8799999999999
ipiranga do norte,95.0
sao gabriel,2362.85
jeronimo monteiro,284.0
cristiano otoni,210.2
toritama,1072.79
bom repouso,402.29
caracol,94.0
lagoa vermelha,1616.2500000000002
coxim,1598.75
itaobim,866.91
sinop,6164.65
dormentes,946.8
pirauba,247.77
piracanjuba,1893.26
laurentino,782.41
aracoiaba,576.4699999999999
medina,579.1899999999999
visconde de maua,140.59
dom pedro,333.77000000000004
bataguassu,613.0
salto veloso,418.8
abaetetuba,4028.5700000000006
fortim,179.0
seberi,130.39000000000001
camapua,621.29
irupi,242.99
tanabi,1404.3900000000003
igapora,39.99
carnaubal,214.89000000000001
augusto correa,347.99
santa cruz de goias,709.0
feliz natal,259.99
penedo,1329.77
camocim,1686.29
ipaumirim,269.9
alto do rodrigues,2737.46
belo oriente,620.39
sao goncalo do rio preto,328.19000000000005
rubiataba,1034.0900000000001
pontalinda,60.8
capitao leonidas marques,407.78000000000003
afonso claudio,1568.77
torres,1416.23
janiopolis,265.97
jampruca,235.9
rio das flores,558.6800000000001
taciba,348.98
dois irmaos do buriti,826.9
palma sola,938.8
capela nova,89.77
dores de campos,1308.14
florestal,299.5
sao miguel arcanjo,1311.09
buriticupu,585.78
ouvidor,345.0
ribeirao branco,452.99
alfredo wagner,794.8
braganca,1083.96
santa cruz de monte castelo,706.22
catarina,204.98
ubirajara,79.9
itai,1757.5800000000002
varzelandia,98.89
venda nova do imigrante,2647.8300000000004
maracacume,617.18
crisopolis,185.70000000000002
roca sales,177.9
wenceslau braz,188.0
amelia rodrigues,372.39
horizonte,519.99
mendonca,380.27
valenca do piaui,1043.0
campestre,321.70000000000005
silva jardim,567.59
ilha grande,139.9
bonfinopolis,441.87
sao sepe,544.35
vitoria do jari,85.95
sao sebastiao do cai,1588.8400000000001
jaciara,185.7
arealva,176.69
diamantino,386.49
canavieiras,799.8
itiuba,272.89
claudia,302.68
altamira,5168.15
lajinha,515.0699999999999
mata de sao joao,1083.55
couto de magalhaes,194.89
taio,4366.23
hidreletrica tucurui,564.78
japira,363.79
arroio do tigre,285.0
luzilandia,161.8
padre bernardo,195.7
mangueirinha,1524.7699999999998
teotonio vilela,2043.8799999999999
balneario gaivota,282.3
alto paraiso,1256.99
paulo de faria,588.5799999999999
alambari,179.88
aguas da prata,1028.28
mendes,1240.75
ervalia,1076.8300000000002
sao tiago,499.27
irara,171.89000000000001
brejetuba,128.89
paraty,2780.7700000000004
delfim moreira,24.9
santa gertrudes,1194.2100000000003
cidelandia,375.96
magda,458.99
ibiraci,388.8
mamonas,230.0
mallet,786.65
urbano santos,501.78999999999996
mar de espanha,1014.7199999999999
pedro velho,61.99
inhuma,78.0
bacaxa,57.9
jijoca de jericoacoara,1130.9
diorama,196.87
buritama,1024.24
barras,210.88
jaborandi,126.29
pedro afonso,235.89000000000001
bom jardim de minas,866.87
codo,2224.82
brejoes,124.9
hidrolina,181.47
santo antonio da alegria,206.79000000000002
sao jorge do oeste,34.9
jaboti,160.7
pongai,343.8
lagoa do mato,35.99
euclides da cunha paulista,163.25
sao domingos do prata,337.89
lavrinhas,599.9
araripina,1070.58
nova europa,634.44
baixa grande do ribeiro,159.99
sao valentim,557.89
boquira,69.9
nova redencao,19.9
rio acima,513.66
urania,885.72
extremoz,111.78999999999999
abre campo,281.68
alvorada d'oeste,359.98
america dourada,169.9
mateus leme,497.37999999999994
botelhos,1240.01
tanque novo,329.59
engenheiro paulo de frontin,449.12
conceicao do para,694.99
santa maria de itabira,462.30000000000007
sao jose do ouro,411.38000000000005
cabeceiras,14.9
riacho da cruz,129.9
engenheiro navarro,1997.0
ariquemes,4124.969999999999
boa vista do sul,27.99
alfredo chaves,902.71
capinzal do norte,395.0
sao felipe,747.9
candido de abreu,360.79999999999995
barra de guabiraba,486.4
dianopolis,822.95
nepomuceno,610.94
montanhas,325.0
santa rosa de viterbo,1658.42
canarana,1211.63
mato rico,72.9
carius,477.88
volta grande,308.38
porto esperidiao,234.8
gameleira,1657.98
santana do serido,779.7
flores,360.6
santa lucia,437.78999999999996
santana do livramento,4248.2300000000005
morro de sao paulo,691.96
bela vista do paraiso,515.49
guimarania,523.9
quatis,483.69
sao jose da lapa,1086.58
silveiras,406.50000000000006
sao tomas de aquino,309.8
aratuba,343.9
comendador levy gasparian,603.69
miraima,254.0
nova londrina,743.53
tucunduva,374.99
vila nova,85.47
alegria,39.9
biritiba-mirim,1381.72
senador amaral,179.46
salto do lontra,766.49
sao jose dos cordeiros,180.0
campo alegre de lourdes,99.99
morpara,357.12
japuiba,1017.58
terra de areia,1137.29
itapura,351.87
ourilandia do norte,1710.0800000000002
trajano de moraes,775.18
goncalves,356.9
mombuca,107.13999999999999
rodeiro,409.4
jacigua,134.49
patu,144.49
quarai,2402.99
mutunopolis,24.41
sertanopolis,918.8
sonora,57.98
sao goncalo do sapucai,1202.5
monte alegre do sul,4181.79
orindiuva,541.78
ubaporanga,288.78
siriji,39.99
praia norte,79.0
irai,557.89
armazem,249.9
caiana,235.9
aragarcas,156.88
divisa alegre,190.99
limoeiro do norte,1156.67
morro da fumaca,1676.0
pindare mirim,481.9
carneirinho,294.5
nova guarita,25.0
calcado,199.0
cacule,529.78
montauri,429.89
durande,117.49000000000001
cruzeiro do sul,3193.69
rio pardo de minas,597.6899999999999
embauba,399.0
palma,415.89
sales,356.52
anicuns,661.9300000000001
cubati,135.89000000000001
nortelandia,174.9
diogo de vasconcelos,191.62
nossa senhora das dores,559.0
lamarao,59.0
brazopolis,856.13
alhandra,1037.0
tabira,986.88
minas novas,433.77
itapagipe,265.49
maximiliano de almeida,363.49
cassilandia,1524.5
canitar,287.25
aurea,409.5
mandirituba,12.67
sertao santana,20.9
sales oliveira,538.15
seara,582.87
triunfo,2297.4300000000003
pedra branca,81.88
guarai,1156.6
vigia,158.8
camacho,59.99
alvares machado,4022.5699999999997
mimoso do sul,687.3699999999999
bora,119.9
itaquirai,272.9
novo oriente do piaui,152.01
aquidauana,100.8
feliz,2523.43
pintadas,449.79999999999995
vazante,1549.63
guinda,25.0
verissimo,294.12
bequimao,349.9
boa vista da aparecida,202.47
sao miguel do tapuio,465.0
comodoro,2245.0199999999995
damianopolis,33.64
ceres,1905.47
alto horizonte,233.91
palmeiras de goias,334.8
ipua,2031.49
periquito,1526.0
ponto do marambaia,13.7
saboeiro,163.99
pirajuba,135.9
marilac,657.8
buritizal,66.99
doce grande,49.49
jaraguari,75.0
viseu,301.0
sao jose do turvo,240.70000000000002
gloria de dourados,45.8
guararema,1189.56
ouricuri,2246.86
andorinha,691.0999999999999
mara rosa,143.9
santa fe de goias,1737.69
paraopeba,880.67
tuparetama,309.79999999999995
serranopolis do iguacu,274.89
paulo lopes,238.99
urucuca,195.9
madre de deus de minas,362.96000000000004
jaguaruna,162.9
inhambupe,1117.78
filadelfia,79.9
barra do corda,889.89
santana,1522.9299999999998
alpinopolis,836.68
nova bandeirantes,548.51
antonio pereira,88.99000000000001
brotas,1073.08
picada cafe,32.0
tuparece,13.5
douradina,99.9
maranguape,289.87
correntina,130.99
novo barreiro,197.59
caarapo,1310.49
sao francisco de assis,109.89
icapui,454.25
juatuba,607.9
itaguacu,1840.92
quixelo,115.99
rio tinto,439.9
vale do sol,21.99
guape,176.96
santa isabel do para,741.77
ribeirao do pinhal,328.0
nova santa rosa,398.88
polo petroquimico de triunfo,5.6
tupaciguara,1331.21
reriutaba,1093.32
porto acre,74.9
aparecida do rio negro,115.0
manoel viana,208.79
california,103.8
missal,2490.76
anadia,379.89
itueta,448.89
riachao do jacuipe,2502.4
mamanguape,969.75
guajara-mirim,118.89
guaraci,1131.6999999999998
curaca,308.9
sao geraldo,423.78
liberdade,107.22999999999999
gaucha do norte,136.48000000000002
miranda,273.8
cruzeiro da fortaleza,114.9
jumirim,337.6
missi,109.9
parambu,141.85999999999999
augustinopolis,107.0
guapo,757.89
porteirinha,282.69000000000005
santa cruz de minas,578.89
marilandia do sul,159.9
tupancireta,378.77000000000004
cruz machado,441.77
cedro de sao joao,1999.99
neves paulista,112.57999999999998
areias,441.86
nossa senhora das gracas,54.8
baependi,1409.04
capinopolis,1042.1799999999998
adrianopolis,73.9
buriti dos lopes,268.9
carvalhopolis,240.32999999999998
simolandia,138.99
ubajara,1178.9
carambei,390.79999999999995
sao mateus do maranhao,710.1999999999999
ceara-mirim,305.46000000000004
lamim,89.9
ibaiti,1057.3600000000001
david canabarro,167.88
ouro preto do oeste,437.49
passa quatro,1576.66
timbe do sul,212.79000000000002
mata verde,1512.53
felisburgo,99.9
bofete,617.59
itapora,197.88000000000002
conceicao das alagoas,1542.4
nova canaa,156.9
sousa,1042.5900000000001
agua comprida,106.9
doutor ulysses,122.0
berilo,55.9
morro grande,119.8
parapua,1178.4
cachoeira de minas,454.5
aguas claras,95.8
porto xavier,564.46
governador portela,349.8
upanema,1343.6
sao joao do oriente,279.9
bom jesus do amparo,199.89
sao sebastiao do passe,399.89
ibitiuva,14.9
brazabrantes,53.5
sao miguel do araguaia,1321.15
conceicao do rio verde,825.89
riacho dos machados,284.0
barracao,118.47999999999999
coracao de jesus,123.9
pareci novo,22.0
guaranta,569.29
camacan,1134.67
monte alegre,117.99
nova guataporanga,75.0
paulo jacinto,368.89
rodolfo fernandes,99.89
itapuranga,800.88
nova esperanca,1579.7799999999997
alvarenga,211.0
conchas,1064.45
ibimirim,294.78999999999996
sao jose do rio claro,298.0
entre-ijuis,454.5
santa mariana,311.25
nova campina,156.5
arace,413.4
vila rica,221.82
varzea,98.99
cananeia,727.6600000000001
sao bento do una,1328.39
itapissuma,290.8
sao joao batista do gloria,359.6
campo florido,59.8
sao domingos,489.14000000000004
romelandia,159.99
poxoreu,128.57
areiopolis,896.49
jussiape,37.0
roncador,158.98000000000002
serra azul de minas,344.99
cabo verde,458.78999999999996
gravata,1806.1899999999998
sao joao do sul,861.0
grandes rios,128.99
pureza,49.9
perobal,80.0
jussari,139.99
barra de sao francisco,627.5600000000001
mata roma,193.0
bom sucesso,946.59
bom jesus da penha,85.89
santo antonio do caiua,256.3
nova bassano,387.24
pedras de fogo,159.99
alta floresta d'oeste,669.89
nova alvorada do sul,380.84999999999997
joao alfredo,215.49
turvo,306.99
itamogi,229.9
mirai,841.81
osvaldo kroeff,239.99
jussara,112.27999999999999
serro,837.89
candido mendes,239.8
ruy barbosa,662.9599999999999
cabreuva,720.6
jesupolis,159.33
cumaru,330.99
corbelia,733.8
itapiuna,54.980000000000004
ibiam,382.99
tangua,504.88
leoberto leal,24.99
cantanhede,689.0
bugre,187.9
itaitinga,558.9
alto santo,622.89
igaci,319.89
areado,1246.69
capivari de baixo,876.89
sao miguel do gostoso,398.9
brasopolis,99.99
rio bananal,225.26000000000002
cabixi,149.9
coroaci,338.9
brodowski,935.54
corrente,1489.9
ipiranga,189.89000000000001
coronel domingos soares,89.0
itanhomi,308.55
arraias,197.9
itaituba,243.88
satuba,333.73
santana dos montes,241.0
barrolandia,80.99
gouveia,936.96
arapoema,55.9
cachoeira dourada,268.8
ibicarai,424.88
guarabira,1239.6800000000003
apuarema,169.99
caraubas,1059.29
junco do serido,239.89
campo alegre do fidalgo,194.98
itinga,363.50000000000006
boa vista do gurupi,93.89
guairaca,63.8
tombos,344.78999999999996
santo antonio,471.8
coronel pacheco,99.9
sao ludgero,673.3199999999999
carnaubais,339.0
tapera,61.8
senador modestino goncalves,119.32
cacapava do sul,859.99
oscar bressane,301.8
sao joaquim,1118.98
rodeio bonito,212.8
itabera,1366.14
tres fronteiras,350.39
paranacity,178.15
quadra,114.9
santo augusto,1115.08
ventania,166.76999999999998
mariental,1799.0
espinosa,2705.0899999999997
vargem grande do rio pardo,270.0
jucurucu,409.98
corinto,1362.8600000000001
catole do rocha,3742.59
aruana,144.8
cangucu,1310.1799999999998
termas de ibira,71.9
sao jorge do ivai,352.52
icaraima,27.9
dores do rio preto,411.76
cachoeira da prata,169.8
sao bras,29.9
rainha do mar,59.9
nova veneza,762.84
taguai,707.34
sinimbu,81.78
colonia leopoldina,477.98
roseira,423.68000000000006
olhos d'agua,99.9
conceicao de macabu,1626.4699999999998
pentecoste,239.8
antonio cardoso,369.89
reboucas,361.27
barra do rio azul,99.0
coluna,297.88
jeceaba,544.23
nao-me-toque,859.68
sao miguel,846.86
confins,389.0
braco do rio,101.49
brasil novo,304.9
sao gabriel do oeste,526.72
tapiramuta,1298.99
mendes pimentel,372.69000000000005
dario meira,138.99
bom conselho,1624.93
sao bento,1148.89
monte santo,23.21
mirandopolis,1274.99
rio largo,562.71
itagi,111.89000000000001
bicas,727.65
campinorte,1244.69
pirenopolis,273.87
correntes,169.9
tunas do parana,198.9
rondon do para,2780.13
santa cruz da conceicao,408.9
ipecaeta,23.4
cachoeira alta,451.76000000000005
buerarema,1051.8
guaranta do norte,393.87
sao thome das letras,52.8
vargem alegre,74.99
salto do jacui,196.35999999999999
iati,628.99
araputanga,517.4499999999999
aguas formosas,1341.7
cerro negro,118.0
capela,580.9399999999999
vargem bonita,710.5899999999999
sao domingos do norte,874.4
poco verde,447.79999999999995
pocinhos,223.8
jaguaquara,192.4
machados,89.9
rio pomba,1192.86
mantenopolis,423.78999999999996
pindobacu,169.9
tucuma,404.25
salmourao,59.879999999999995
machacalis,138.89
sao pedro dos ferros,763.79
augusto pestana,76.88
rio dos cedros,49.9
pantano grande,297.79
conceicao do araguaia,1143.89
oroco,294.9
capela de santana,352.0
aiuruoca,281.09000000000003
redentora,354.59
santo antonio do descoberto,866.26
flor da serra do sul,197.10000000000002
amapora,129.9
taquaracu de minas,358.0
moncao,85.99
malhador,23.99
dezesseis de novembro,79.9
quijingue,228.08999999999997
uniao de minas,87.09
vila nova do sul,84.99
cabrobo,921.79
tiradentes,510.86
trindade do sul,3266.99
altinho,13.9
caibi,132.05
diamante do norte,391.25
prado,1090.79
vargem grande do soturno,89.9
marechal floriano,559.6400000000001
cassia,278.29
mae do rio,148.89
sooretama,317.36
barra dos coqueiros,484.82000000000005
itaguaje,138.8
sao joao d'alianca,743.53
crisolita,103.9
corrego do ouro,28.9
terra boa,683.79
meruoca,95.0
eliseu martins,318.98
vera cruz do oeste,431.56000000000006
bras pires,76.8
ichu,160.98000000000002
sao luis do quitunde,239.3
catanduvas,690.79
irapuru,889.48
santanesia,364.5
cairu,58.99
pocao,299.99
imaculada,340.89
vicentina,189.9
renascenca,279.6
rio das antas,176.8
desterro de entre rios,39.9
pote,506.9
matelandia,57.980000000000004
pacuja,339.95000000000005
castelo do piaui,422.6
restinga seca,254.69000000000003
nova olinda,1520.7
sao benedito,841.8299999999999
una,437.88
pirai do sul,601.2900000000001
bom jesus do sul,199.9
pedrao,325.0
sao jose do egito,444.70000000000005
estrela do indaia,112.80000000000001
protasio alves,122.9
fruta de leite,178.9
sardoa,119.9
hulha negra,329.0
quinta do sol,118.99000000000001
rio pardo,687.88
imbe de minas,209.0
guaraquecaba,49.9
salobro,72.2
engenheiro balduino,179.6
puxinana,219.0
arame,29.99
aragoiania,112.9
pinhal da serra,19.9
cedro,249.9
araponga,239.9
alfredo marcondes,129.0
itabirinha,108.0
varre-sai,918.9
pinheiro,426.8
cerejeiras,117.99
alagoinha,269.9
carlinda,204.9
americano do brasil,291.49
corupa,434.65
uniao,329.0
coronel freitas,79.99
parisi,34.49
carutapera,174.9
miraguai,169.97
bertolinia,411.0
barra do mendes,323.99
cristinapolis,77.9
jequitiba,636.9
nova cruz,462.88
bandeira,347.71000000000004
agronomica,204.87
remanso,369.68999999999994
pilao arcado,279.87
cajuru,643.76
alexandrita,99.8
anaurilandia,69.99
lagoa salgada,30.24
itamari,268.98
passira,374.98
nova araca,119.99
poco redondo,419.8
araguatins,681.98
lagoa nova,113.80000000000001
tapiratiba,2601.2200000000003
pirai do norte,29.49
posto da mata,530.98
guaraciaba,254.70000000000002
avanhandava,757.68
tres forquilhas,82.8
novais,99.9
sao jose do barreiro,207.59000000000003
nova hartz,618.88
juruti,49.9
ilopolis,181.8
cujubim,89.9
barreiros,1302.1599999999999
rio azul,383.70000000000005
picarra,1014.5999999999999
itaueira,105.28
arrozal,833.89
anita garibaldi,256.78
cotipora,112.0
rio grande do piaui,24.9
guaruja do sul,331.43999999999994
itaja,902.0
marcelino vieira,117.7
sede alvorada,119.0
caiua,146.0
luiziana,149.85
quevedos,90.9
santa maria do salto,38.0
tiradentes do sul,46.86
alto araguaia,1085.73
julio mesquita,909.99
bias fortes,80.9
botuvera,181.9
campo do tenente,55.9
propria,382.89
quilometro 14 do mutum,49.9
sitio novo,174.89000000000001
coelho neto,314.9
rubiacea,218.8
candido sales,396.78999999999996
tanque d'arca,578.0
ouro verde,307.96999999999997
santa rita de caldas,746.28
cabralia paulista,207.29000000000002
florida,69.9
bodoco,202.8
piacatu,51.19
serrita,428.9
inubia paulista,304.98
itacarambi,339.78999999999996
macaubal,89.8
brejo bonito,139.9
saudades,305.84000000000003
gloria do goita,516.99
luminarias,423.8
morro reuter,627.34
sao jose do cerrito,278.89
varzedo,39.9
felipe guerra,122.99
seabra,982.5
iaras,79.99
agrestina,1989.0
tanhacu,528.78
altamira do parana,259.1
brasilandia de minas,76.25
pouso novo,54.9
central de santa helena,139.9
cosmorama,973.98
vitorinos,89.99
loreto,1599.99
cerro grande do sul,184.0
irapua,198.8
barbosa ferraz,497.9
jardim alegre,118.38000000000001
santa terezinha,309.79999999999995
ametista do sul,242.8
pocoes de paineiras,102.89000000000001
porto alegre do norte,410.0
luizlandia do oeste,232.99
centenario do sul,369.13
medeiros neto,660.24
santana da vargem,269.95
borda da mata,897.53
joao dourado,19.9
santana do cariri,839.8
cerrito,59.9
santa margarida,412.79999999999995
santa maria do para,106.99
vicente dutra,12.99
santa terezinha de itaipu,328.94
conceicao do tocantins,367.97
parai,233.4
herculandia,184.89000000000001
curuca,524.7
conde,819.0
corumbatai do sul,27.49
santa rosa de lima,180.15
campo do meio,251.69
toropi,1529.9
ita,317.89
garruchos,62.9
papagaios,269.67
alvorada do norte,164.88
morro vermelho,31.9
reserva,308.6
deodapolis,76.8
felixlandia,75.0
boraceia,29.0
padre paraiso,59.9
juranda,40.9
pingo-d'agua,369.48
macuco,69.9
seringueiras,395.99
fenix,44.99
sao vicente ferrer,375.89
barra longa,1300.0
colinas,1161.8600000000001
munhoz de melo,953.89
sobradinho,1015.5899999999999
indianopolis,291.78
miranda do norte,120.0
coronel martins,121.30000000000001
cruzeiro do oeste,825.3899999999999
chapada gaucha,391.68999999999994
olho d'agua das flores,254.48000000000002
itaporanga d'ajuda,159.99
pescador,29.9
nossa senhora da gloria,221.45000000000002
lagoa da canoa,160.99
nova russas,1504.94
glicerio,739.98
rechan,288.8
sao sebastiao do maranhao,206.79
cuite,678.89
dom macedo costa,55.9
sao martinho,756.99
guimaraes,199.99
delfinopolis,233.59
milha,207.9
varjao de minas,105.8
itanhem,230.0
guarara,501.99
piritiba,387.79
esperantinopolis,640.6099999999999
catu de abrantes,1135.99
sao joao de pirabas,228.89
almino afonso,299.9
pombos,105.0
nossa senhora de caravaggio,120.0
capim grosso,547.89
antonio martins,45.0
roque gonzales,542.88
pinhotiba,59.9
porto de pedras,179.9
rubineia,100.0
divinopolis de goias,79.0
campo novo,539.79
sete de setembro,54.9
cajueiro,99.9
sao pedro de alcantara,263.0
cambara do sul,372.0
francisco dumont,108.89
careacu,116.13
itariri,1259.32
chorozinho,359.0
brasileia,59.699999999999996
recreio,264.98
ataleia,164.8
xexeu,87.5
pindoretama,37.55
itapicuru,137.32999999999998
itabaianinha,157.8
jesuitas,556.55
virgolandia,380.0
serra de sao bento,236.9
campos altos,373.67999999999995
palmeira,2640.2200000000003
braunas,89.9
novo cruzeiro,805.78
pitimbu,388.9
ulianopolis,27.3
barao de juparana,28.49
novo oriente,231.98000000000002
bom jesus das selvas,175.9
guzolandia,101.62
arari,708.8
montezuma,186.89000000000001
maracas,703.64
santa quiteria do maranhao,49.9
pedra,267.68
santa helena de minas,248.33999999999997
minas do leao,256.0
alagoa,77.68
vargem grande,79.9
tomazina,348.8
vieiras,325.0
oeiras do para,178.64999999999998
irani,294.39
nova ipixuna,328.0
alto sao joao,54.99
piranhas,718.79
zacarias,198.8
serra bonita,169.99
sao felix do coribe,226.0
brejo do cruz,1160.0
castanheira,128.98000000000002
borborema,816.05
ravena,69.99
santa rita da floresta,79.0
bom jardim de goias,10.0
inhauma,124.97999999999999
emilianopolis,169.85000000000002
santana do capivari,25.0
alto piquiri,412.0
eugenio de castro,97.0
ribeirao do sul,357.9
areia,119.80000000000001
fortuna,523.89
rio bonito do iguacu,462.79999999999995
pilar,158.69
groairas,152.15
ilha comprida,212.98000000000002
chapadinha,113.88
pien,330.4
santo hipolito,104.4
cabedelo,888.9499999999999
estrela do norte,173.79000000000002
novo itacolomi,90.0
sao sebastiao da grama,1024.79
xambre,511.0
mar vermelho,519.98
sao bernardino,189.9
santana de pirapama,49.9
sacra familia do tingua,119.8
coqueiros do sul,25.73
nova luzitania,22.9
urai,283.9
echapora,787.47
martins,177.89000000000001
sandolandia,799.0
botupora,325.0
sao luis de montes belos,1196.3700000000001
miranorte,635.9
guapirama,89.9
piracuruca,235.9
tabuleiro,324.89
pequizeiro,219.99
tracunhaem,659.0
sao jorge,63.99
lucianopolis,142.9
santana do manhuacu,228.89000000000001
abatia,167.89000000000001
doutor camargo,211.05
alto garcas,258.8
cidreira,656.12
amambai,751.98
baianopolis,416.3
santo antonio do rio abaixo,6.0
paula freitas,474.9
nova america,51.0
bom jesus do querendo,149.0
lagoa dourada,586.78
junqueiro,360.89
tupandi,285.99
baixa grande,44.0
itambaraca,269.8
sao pedro do iguacu,117.3
ribeirao vermelho,275.70000000000005
afogados da ingazeira,1345.98
barra do turvo,293.9
jaboticatubas,767.3
cacu,982.6800000000001
arroio do meio,1400.22
porto trombetas,241.8
itau de minas,364.45
caldas do jorro,370.0
apore,134.64
dom silverio,392.24
luisburgo,246.98000000000002
senador guiomard,409.98
lobato,498.53999999999996
xambioa,333.68
ouro verde do oeste,14.9
araguapaz,120.9
itapirapua,459.79999999999995
campestre do maranhao,249.89
poco de pedra,174.0
satubinha,138.79
sao jose da boa vista,118.99
araci,277.87
itapaje,3198.6800000000003
senador cortes,298.0
imigrante,305.9
mirandiba,221.89
dores do indaia,744.57
matias olimpio,600.0
patis,49.9
alto taquari,750.88
irineopolis,212.82
espirito santo do turvo,229.70000000000002
mata grande,378.65000000000003
teolandia,167.8
centro novo do maranhao,299.99
ribeira do amparo,45.0
catende,1630.18
wagner,119.9
pimenteiras,102.5
inconfidentes,99.99000000000001
galvao,59.5
piedade do rio grande,362.78
sao pedro da uniao,286.89
pocao de pedras,179.0
monte verde,343.1
oiapoque,385.0
taquarana,146.99
pedra menina,23.4
sao jose do goiabal,202.9
coimbra,38.9
turvolandia,143.9
claraval,171.0
cachoeira de pajeu,428.79999999999995
ibiraiaras,232.98
gandu,417.7
fervedouro,965.76
santa teresinha,287.0
vila reis,69.9
aurora do para,78.0
coxilha,115.9
doverlandia,277.91999999999996
mampituba,40.95
paraibano,259.90999999999997
santo amaro de campos,1611.78
sao rafael,19.9
nova soure,255.52
ipubi,400.47
piau,125.88999999999999
santa isabel do ivai,425.9
rubelita,57.89
regeneracao,790.9699999999999
lagoinha,605.98
juscimeira,123.80000000000001
abrantes,139.0
olindina,189.89000000000001
dona francisca,258.7
ibirataia,52.8
nova alvorada,261.8
varzea do poco,56.99
magalhaes de almeida,270.9
nova crixas,153.4
serranopolis de minas,119.9
serranopolis,1002.88
rancho alegre d'oeste,117.3
jacuizinho,59.54
merces,219.76
floresta do araguaia,129.99
rio do campo,674.95
wenceslau guimaraes,110.0
monte gordo,199.9
biritinga,120.0
sapucai-mirim,569.79
frei martinho,268.9
celso ramos,1136.79
corumba de goias,126.99
sao jose dos quatro marcos,226.99
angelina,126.99
moncoes,346.98
teresina de goias,79.0
capitao,107.8
getulina,99.80000000000001
lontras,402.5
fragosos,99.99
macieira,17.46
santa fe,877.8
princesa isabel,258.0
ladario,292.69
urutai,133.48
sao jose do campestre,289.0
afranio,357.9
cocais,259.0
ibipitanga,349.98
maquine,122.99
cocos,49.99
carire,144.79
bananeiras,295.24
palmeiras,174.95
sabino,723.0
feira nova,480.78
barao de cotegipe,126.88999999999999
laje do muriae,219.0
quixabeira,216.94
caraiba,416.89
coreau,29.99
sericita,216.32
mombaca,219.9
gameleiras,423.89
itapetim,280.8
canhotinho,367.0
alto rio novo,266.5
estacao,704.0999999999999
ribas do rio pardo,47.9
tururu,189.0
urubici,305.69
joao ramalho,407.89
sao tome,262.06
lencois,218.0
vila bela da santissima trindade,29.99
sete barras,229.69
ponto belo,79.9
tomar do geru,228.79000000000002
coite do noia,89.9
general maynard,197.5
mambai,816.99
nova america da colina,58.99
jupi,604.9
pacatuba,4317.98
nuporanga,821.8
lindoeste,164.3
paulistania,99.0
agua limpa,388.0
balneario barra do sul,393.3
clevelandia,138.5
luiz alves,114.0
valao do barro,67.1
santa maria do herval,99.99
aribice,42.0
muquem do sao francisco,61.32
medeiros,279.49
teofilandia,183.88
ipiabas,568.87
santo antonio dos campos,159.0
nova laranjeiras,208.1
angicos,65.99
colonia jordaozinho,843.4
gaviao peixoto,94.89
manduri,239.62
timburi,343.3
pedro canario,363.78999999999996
senges,487.39000000000004
ibateguara,75.9
santo antonio do itambe,225.06
vermelho novo,33.87
nova erechim,254.79
coroados,209.9
chiapetta,129.99
sao nicolau,122.99
bataipora,135.3
uaua,393.98
piripa,71.99000000000001
nova cantu,199.9
ibia,1367.2900000000002
porto grande,29.99
caxambu do sul,19.5
bom principio,1003.11
estrela d oeste,134.9
pitanga,532.7
sulina,29.9
sambaiba,178.9
crissiumal,1589.0
serra dourada,197.14
igarape-miri,27.99
traipu,42.99
barros cassal,729.0
rosario,28.12
taparuba,89.0
almirante tamandare do sul,49.9
xapuri,288.93
caririacu,454.0
lagoa de velhos,199.0
bom jesus do tocantins,407.9
narandiba,408.97999999999996
jaquirana,499.0
terra nova,209.99
sao felix,27.9
lavras do sul,593.8
santa cruz cabralia,515.88
barao do triunfo,79.99
borrazopolis,259.59000000000003
presidente janio quadros,149.9
itapage,159.99
carnaiba do sertao,54.98
boqueirao do leao,227.9
aurilandia,122.99
gramado xavier,52.9
datas,780.0
monte alverne,268.0
bueno brandao,172.02
alto alegre,307.89
central,119.5
portalegre,408.8
nipoa,337.8
iguai,535.99
bom jesus do norte,699.89
arantina,180.0
tome-acu,24.99
rio piracicaba,512.75
maria da fe,305.55
colniza,718.97
santo antonio do taua,32.9
sao benedito do sul,39.99
nova palma,428.9
igaracu do tiete,107.69
sao sebastiao de campos,23.8
populina,47.6
capistrano,35.0
piacu,166.99
bossoroca,155.99
ilhota,749.1400000000001
amparo da serra,49.95
cristalia,418.7
pindoba,432.0
panorama,404.39
candelaria,573.39
urupa,253.57000000000002
nova monte verde,245.79
santa cecilia do pavao,56.99
itaicaba,32.99
anguera,99.0
agua doce,289.98
rancho queimado,312.89
cha de alegria,79.99
ponto dos volantes,41.4
tapurah,125.0
sao jose do divino,727.0
balbinos,55.32
sarapui,248.88
tiros,175.89
belem do sao francisco,654.5
almas,78.0
teixeira,34.9
fontoura xavier,199.0
sao francisco do brejao,31.9
morro do pilar,69.9
ipaporanga,388.9
queiroz,45.0
coqueiro baixo,86.99
juara,378.49
condor,216.8
atalaia,89.58
lindolfo collor,110.9
sao joao do ivai,193.9
santa rita do ibitipoca,184.7
grupiara,129.94
ivai,610.7700000000001
serra azul,72.5
guarani das missoes,68.66
massape,155.9
sao domingos do maranhao,127.88999999999999
edeia,472.9
sao sebastiao da serra,157.9
santa salete,81.99
uirauna,199.9
riolandia,398.79999999999995
conquista d'oeste,89.99
sao pedro do ivai,424.74
bom retiro do sul,1379.0
antonio prado,554.2
piratini,69.9
pastos bons,137.9
chacara,175.7
campo alegre de minas,119.0
sao goncalo do para,734.9
sao paulo das missoes,404.87
novo jardim,23.9
nobres,41.99
palmopolis,89.99
moeda,69.9
rio do oeste,364.89
moreno,763.5
teixeira soares,545.69
sao pedro do turvo,88.9
assuncao,80.0
ibiracu,27.3
erval grande,395.9
natividade da serra,125.0
goncalves dias,65.0
araujos,2490.5
mae d'agua,39.89
pedra azul,416.12
venturosa,1228.9
paranapoema,89.99
bom jesus da serra,279.89
rio formoso,215.6
canaa,54.99
gastao vidigal,216.88
oros,100.65
castelandia,554.98
pedreiras,1002.69
erere,188.0
boa ventura,14.9
itabi,89.9
ipiacu,429.88
segredo,29.939999999999998
palhano,99.0
ibiajara,45.0
jequia da praia,251.91
santa cruz de salinas,220.9
iguatama,299.0
ubai,43.5
sao miguel do guama,1240.79
agua preta,129.99
elisio medrado,79.82
amanari,390.0
glaura,69.9
croata,58.99
lagoa dos tres cantos,74.9
onda verde,69.81
santana do ipanema,249.9
fortaleza dos valos,100.0
japaratuba,99.99
santa barbara do sul,143.8
buenos aires,247.9
itapitanga,205.70000000000002
salinas da margarida,55.0
varzea nova,86.0
cuite velho,19.99
buriti alegre,29.99
araguaia,49.0
tamboara,8.99
herval,169.9
formosa da serra negra,99.0
itupiranga,399.0
santo antonio do planalto,189.0
aguas vermelhas,574.58
trabiju,259.99
angical do piaui,29.99
dom vicoso,272.3
miradouro,49.9
estrela do sul,89.9
itabatan,154.98000000000002
xique-xique,179.79000000000002
mucuge,256.99
prudencio thomaz,32.99
inaciolandia,842.99
cravolandia,139.9
iraucuba,189.89000000000001
capitao andrade,199.0
governador mangabeira,98.0
marechal deodoro,349.9
tapinas,89.99
silveira carvalho,28.9
murucupi,129.9
isaias coelho,170.0
ipueira,169.99
miravania,35.0
nova olimpia,168.0
pauliceia,421.27
lucena,89.0
juvenilia,77.47999999999999
murici,49.9
vargeao,499.9
barao,31.9
novo repartimento,155.0
dois riachos,104.99
antonina do norte,76.8
vargem,78.8
desembargador otoni,169.99
itaparica,168.49
taquarucu do sul,70.0
sao joao do sabugi,26.9
agua santa,163.9
ingai,96.0
general camara,89.0
passo de camaragibe,41.98
brejolandia,13.98
taperuaba,55.49
sao francisco do gloria,69.9
ibiara,278.0
planaltina de goias,95.6
apuiares,339.89
nova lacerda,339.74
caridade,99.9
goianesia do para,861.99
itirapina,142.89999999999998
saloa,1231.0
ribeirao cascalheira,29.9
porto franco,279.99
delmiro gouveia,1125.8
aracitaba,119.80000000000001
sao desiderio,125.0
vila flores,289.89
igarape-acu,69.0
purilandia,166.99
sao domingos das dores,59.9
sao goncalo do rio das pedras,169.0
ribeirao,316.4
pedralva,743.97
marques de souza,29.9
martinesia,34.89
wanderley,288.98
sao bonifacio,101.0
pedra bela,250.9
nova resende,10.99
sitio do quinto,97.89
novo planalto,27.99
vermelho,98.0
maiquinique,119.4
muqui,485.48
alto caparao,478.9
riachao das neves,206.89000000000001
sao pedro do sul,98.7
trairi,457.0
alegrete do piaui,149.9
jaqueira,578.99
ilicinea,89.9
presidente bernardes,466.86
sao jose da coroa grande,218.9
coronel murta,219.8
sao sebastiao do paraiba,540.0
lupionopolis,209.75
ajapi,108.0
ubata,144.0
sao jose da laje,219.9
santa maria da boa vista,412.08
rifaina,552.8
cezarina,13.49
japaraiba,108.9
sao joao da ponte,461.84
tracuateua,13.98
divisa nova,689.9
treviso,118.9
sao jose do inhacora,77.99
murutinga do sul,809.0
condeuba,56.99
pereiro,285.89
fazenda vilanova,157.8
sao sebastiao da boa vista,198.9
guassusse,149.9
caputira,454.28
mirante da serra,120.9
materlandia,79.98
amontada,45.9
ribeiro junqueira,149.0
sao sebastiao do rio verde,278.0
pirapo,75.27
putinga,144.8
piata,80.97999999999999
abare,185.19
mascote,122.4
itapaci,237.8
fernao,29.0
anhandui,69.0
quintana,353.0
brasilandia,59.9
bodo,48.9
banabuiu,79.0
rio dos indios,79.9
itaoca,460.70000000000005
cotegipe,84.99
icatu,778.0
independencia,110.0
bandeira do sul,414.9
vista alegre do alto,272.99
domiciano ribeiro,114.89
galia,199.0
conceicao da barra,306.87
sao joaquim do monte,79.0
estiva,10.9
buritirama,251.9
ibiaca,278.89
pugmil,114.9
senhora de oliveira,116.9
panelas,161.79000000000002
santana do sobrado,36.9
tutoia,449.89
itamira,55.9
coruripe,1222.3
andrequice,199.0
tres irmaos,139.8
meleiro,210.8
santo amaro das brotas,19.9
sao bras do suacui,95.99000000000001
cajuri,53.9
tecainda,149.99
ponte serrada,423.9
macambira,173.9
ourem,31.9
flores de goias,24.99
indiara,369.90999999999997
frei gaspar,74.9
paial,139.99
carolina,429.79999999999995
bemposta,32.0
cascalho rico,69.0
tocos do moji,55.0
pindorama do tocantins,99.66
guariroba,289.99
agudo,17.0
jerico,75.0
arneiroz,349.6
sao joao das missoes,119.99
esmeralda,145.0
sao vendelino,21.99
matoes,72.0
espigao,74.89
simao pereira,149.0
matoes do norte,698.9
tamandare,49.0
vale real,210.53
uniao do sul,220.7
machadinho,48.0
epitaciolandia,92.34
palmeirinha,58.919999999999995
capela do alto,833.99
ajuricaba,191.9
quipapa,230.0
oliveira dos brejinhos,138.9
setubinha,265.89
sao jose do hortencio,322.89
cerro grande,52.9
lagoa do piaui,84.99
rondon,262.98
presidente nereu,52.99
itaguacu da bahia,249.7
graccho cardoso,610.0
bela vista de minas,119.9
constantina,330.0
santana do itarare,53.9
canto do buriti,599.5
santa rita do itueto,59.9
sao jose do xingu,49.3
duas barras,14.89
bertopolis,65.9
mocajuba,59.9
sao miguel das matas,169.94
aquiraz,370.0
tobias barreto,209.99
cambiasca,22.99
amaraji,476.89
capivari do sul,159.0
santa cruz do timbo,30.99
manaira,90.0
tumiritinga,459.0
santa fe de minas,159.9
travesseiro,16.6
dona emma,30.21
guatapara,75.0
ararica,187.0
porto lucena,59.89
sao jose da vitoria,175.65
balsa nova,19.45
perola independente,84.9
araguacu,129.5
jabora,267.9
rio espera,149.9
ressaquinha,189.9
amargosa,54.99
porto estrela,129.9
jequeri,655.0
paranaiguara,236.89
nova roma do sul,1106.99
portela,229.9
uruoca,219.70000000000002
formigueiro,279.8
cachoeira do brumado,195.9
fagundes,198.9
presidente kennedy,238.64999999999998
ponte alta do norte,39.99
bodoquena,428.0
lagoao,156.45
conrado,104.9
guarapua,60.0
nova esperanca do sudoeste,84.99
passa tempo,120.0
jamapara,32.0
santana do deserto,190.9
tabapora,214.9
itapirapua paulista,479.79999999999995
jeriquara,129.0
ribeiropolis,65.0
matriz de camaragibe,64.0
riacho de santo antonio,129.9
pranchita,158.67
guamare,156.8
candido godoi,900.0
pardinho,272.8
anhumas,58.99
indiaroba,48.0
virginia,35.9
crominia,45.9
barra,143.9
paripiranga,77.71000000000001
arroio grande,336.77
aiuaba,109.7
sao domingos do araguaia,227.0
igrapiuna,29.99
itatiba do sul,39.9
perpetuo socorro,149.89000000000001
monte bonito,29.5
angelica,53.9
nossa senhora do o,37.0
senador salgado filho,83.8
mariapolis,111.9
pratapolis,49.99
perola,272.74
ilha dos valadares,67.99
japoata,179.9
itaguari,887.0
silvanopolis,229.99
sao joao de petropolis,27.99
itanhanga,69.99
patrocinio paulista,1059.2
tailandia,2113.1800000000003
sao francisco do guapore,284.9
riachinho,82.34
campo do brito,76.8
sao felix do araguaia,98.8
santo expedito do sul,209.99
ipixuna do para,188.0
iaciara,666.99
barra de santa rosa,254.4
passos maia,208.9
dom joaquim,149.0
icarai de minas,254.9
caparao,49.9
benevides,228.89000000000001
santa cruz do prata,128.9
santa ernestina,208.16
francisco dantas,198.9
castanheiras,42.9
jardim abc de goias,19.99
barra de santo antonio,567.0
mutum parana,39.9
sao luiz do norte,129.99
novo cabrais,55.0
ibitioca,169.99
bom jesus do araguaia,1199.9
alcantara,424.8
campanario,278.7
serra branca,84.9
conceicao da ibitipoca,39.99
sao jose do ribeirao,97.9
agua fria de goias,152.0
riversul,89.9
umburatiba,109.99
conceicao da feira,603.99
cristopolis,63.41
carmesia,241.1
irape,379.98
esplanada,1660.9
estrela d'oeste,227.07
carmolandia,129.0
ibiraja,277.95
silvano,99.99
uniao dos palmares,259.99
joaquim pires,12.97
vicosa do ceara,18.95
ananas,96.8
cavalcante,158.99
salto do itarare,259.9
ibicare,227.4
fronteiras,1308.8000000000002
cururupu,629.26
pio xii,479.99
santa amelia,160.0
ibiassuce,164.5
nazare da mata,99.99
nova esperanca do piria,2199.0
sao jose do piaui,149.9
vila langaro,140.64
lindoia do sul,103.9
tenente portela,482.78999999999996
vicencia,268.0
santa cruz do piaui,119.99
leopolis,18.9
caicara do norte,1099.0
boa vista do burica,229.99
luziapolis,129.99
itacoatiara,57.98
cupira,39.9
imbau,124.2
jaua,149.9
cafeara,233.0
campo azul,79.9
calmon,49.9
macuco de minas,199.0
dionisio cerqueira,428.0
serrolandia,325.0
oriente,1017.27
caninde de sao francisco,250.8
pedras altas,89.9
sao jose do serido,149.9
remigio,149.9
santa barbara do para,179.96
cocalzinho de goias,149.9
pacotuba,50.9
demerval lobao,15.0
erebango,119.99
goiabeira,259.98
ibitita,1450.0
estevao de araujo,14.2
paraiso das aguas,34.99
jose boiteux,119.69999999999999
joaima,37.9
indiapora,356.67
frecheirinha,175.09
itaguara,48.89
quatro pontes,149.0
barao ataliba nogueira,1300.0
porto amazonas,58.79
pirpirituba,1340.0
florai,387.39
montividiu do norte,17.99
solanea,440.0
santa rosa do sul,199.0
presidente juscelino,249.99
palminopolis,199.0
conceicao do almeida,99.0
alpestre,118.9
caturama,19.99
santo antonio do canaa,160.0
tunapolis,315.39
santo antonio do leste,149.0
pau d'arco,48.9
pereiras,54.99
fonseca,89.65
pontao,44.9
alto alegre do pindare,199.0
laranja da terra,69.9
cruzeiro do iguacu,129.99
coari,1190.65
paraiso do sul,28.99
tupassi,19.9
mato leitao,179.0
centenario,134.99
caxingo,29.0
nova santa barbara,113.0
paranhos,279.0
barrocas,99.99
inimutaba,266.7
dom cavati,74.99
cha grande,164.89
iracema,229.9
silveira martins,119.8
sao joao do triunfo,163.82
jandaia,23.2
coronel joao pessoa,89.9
ibitiara,118.9
montadas,84.99
pau brasil,239.2
presidente castello branco,19.9
telha,212.4
adhemar de barros,139.0
jurema,29.5
neopolis,235.0
janduis,84.99
tibau do sul,99.99
itarema,72.9
nonoai,175.9
pavao,60.0
brejo dos santos,89.99
buique,235.0
buriti do tocantins,59.9
nossa senhora do remedio,131.9
sao miguel do cambui,59.9
chaval,150.0
cedro do abaete,42.99
sao bento abade,16.0
vitoria das missoes,33.8
itororo,619.2
rincao,79.0
desterro,559.0
queixada,59.0
terezinha,39.99
lagoa,110.0
abaira,157.99
angustura,139.0
governador eugenio barros,346.32
pequi,169.99
ivora,149.9
mossamedes,49.99
inga,130.0
maranhaozinho,40.9
humberto de campos,45.9
mariopolis,154.99
sao benedito do rio preto,95.0
amarante,760.0
rio doce,66.0
santa clara d'oeste,99.99
itaara,56.99
aramari,167.4
moema,189.99
britania,89.99
combinado,29.0
progresso,215.0
arvoredo,34.3
sao jose da bela vista,310.84000000000003
ipiranga de goias,119.9
paranatinga,2463.29
jiquirica,499.99
divino das laranjeiras,35.9
ipupiara,495.0
umburanas,99.9
campina da lagoa,519.7
mimoso de goias,159.9
novo brasil,85.9
novo machado,59.99
rancho alegre,89.9
ipuiuna,169.9
selbach,49.9
curralinho,188.76
marcos parente,13.65
vespasiano correa,144.99
carmo do rio verde,169.89
acari,364.0
santo expedito,280.0
elisiario,49.0
desterro do melo,24.9
santa rita de jacutinga,29.99
vitorino,49.0
bela vista,466.38
morro redondo,209.9
candoi,43.0
gentio do ouro,98.7
serra dos dourados,65.0
assare,81.0
ibarama,149.0
erico cardoso,8.09
anhembi,106.9
perola d'oeste,619.9
aguas mornas,89.15
bela vista do maranhao,49.0
conselheiro mairinck,67.0
santo inacio,65.9
aquidaba,89.0
chorrocho,49.9
parnarama,166.99
ferreiros,95.0
ibipeba,61.7
palmares paulista,59.9
piquerobi,85.0
jaguaracu,55.9
cacaulandia,72.9
carmopolis,87.31
ladainha,171.14
estrela velha,14.9
pedra do indaia,72.99
andarai,79.9
campo grande do piaui,155.99
atalanta,263.99
iomere,49.0
maribondo,49.9
caldas brandao,139.0
alvorada do gurgueia,37.0
aratiba,92.5
japi,229.9
barreira,123.89
sao patricio,158.7
caseiros,109.9
madalena,132.9
paudalho,878.9
vila nelita,119.9
santa luzia do norte,23.8
adustina,74.8
sao felix de minas,388.9
ouro,278.79
jandaira,169.89000000000001
paraju,79.9
candeias do jamari,279.0
coracao de maria,279.9
barra de sao miguel,155.98000000000002
satiro dias,24.5
peri mirim,34.99
sao pedro da agua branca,309.9
cajapio,89.99
florania,35.5
uniao do oeste,24.99
minduri,19.9
prados,204.79000000000002
barro preto,118.8
ibitira,399.0
monte alegre de sergipe,80.0
divino de sao lourenco,103.97
vista alegre,22.0
arataca,795.0
sao joao da urtiga,139.9
ibicuitinga,28.99
presidente lucena,16.99
nova ubirata,99.9
itagimirim,129.9
pitanga de estrada,120.0
agua nova,42.0
galinhos,240.0
herveiras,109.0
urucuia,149.99
sao vitor,99.9
governador dix-sept rosado,159.9
senador la rocque,90.0
mussurepe,99.99
major porto,84.99
abdon batista,125.4
vila pereira,92.8
cipo,179.0
caraibas,235.9
capela do alto alegre,39.99
bandeirantes d'oeste,49.99
angelo frechiani,25.32
marilena,89.99
caibate,319.9
pontes gestal,89.99
agrolandia,49.9
alto alegre do maranhao,88.9
itiquira,133.0
alexandra,31.9
medicilandia,8.99
gilbues,296.0
peixe,89.99
ibema,134.9
juripiranga,69.99
sarutaia,59.9
botelho,189.98
padre carvalho,563.0
jardim de piranhas,23.9
sao mamede,86.0
simplicio mendes,16.6
pedra lavrada,50.0
cipo-guacu,69.99
pedranopolis,59.9
divinopolis do tocantins,120.99
frei lagonegro,206.74
morro do ferro,120.0
nacip raydan,74.9
nova timboteua,99.9
barra do jacare,57.9
vanini,89.0
ribeiraozinho,299.98
natercia,39.9
faxinalzinho,19.9
paineiras,58.99
aparecida d'oeste,19.9
tavares,176.99
areial,159.9
sao luis do curu,173.9
taiacu,60.5
brejo,99.99
pedro ii,74.9
sao carlos do ivai,93.0
severiano melo,120.0
araripe,129.6
caetes,122.9
monte belo do sul,79.98
francisco santos,20.9
unistalda,37.9
ibertioga,162.5
piracema,149.0
aguas frias,290.0
pium,20.0
sao pedro do butia,99.9
sao cristovao do sul,118.99
monteiropolis,159.9
morro da garca,199.0
ewbank da camara,79.99
ponto novo,360.0
mucambo,119.9
sao joao da parauna,159.99
santa filomena,160.0
nova vicosa,205.99
anage,63.8
coronel sapucaia,89.9
arara,109.9
itape,230.0
sao lourenco do piaui,152.49
charrua,125.0
urucania,149.0
leopoldo de bulhoes,283.02
felicio dos santos,169.9
itaju do colonia,39.9
berizal,189.9
candeal,144.99
bataypora,256.89
sao miguel do anta,173.59
chapadao do lageado,272.70000000000005
banzae,99.99
uruana de minas,17.9
nova padua,69.9
jacuipe,13.98
pianco,2200.0
luis correia,115.0
taboquinhas,289.0
corrego fundo,129.0
joao camara,1379.8000000000002
santo antonio do leverger,97.0
querencia do norte,79.9
comercinho,129.0
boa vista do cadeado,429.98
americo de campos,279.9
passagem franca,37.98
lagoa dos patos,59.9
mira estrela,198.0
nova roma,49.99
flora rica,200.0
salvador do sul,179.0
planaltino,191.8
canapi,230.0
jardim olinda,139.0
acajutiba,28.89
